X,Y,OBJECTID,SignalID,Locaction_Name,Type_,Status,Turn_on_Date,Precinct,Latitude,Longitude,Billing_Addr,Shape
3108756.17243186,13893275.0804173,1,TCS-0001,Airline Dr @ Aldine Mail Route Rd,Traffic Control Signal,Active,2017/05/17 00:00:00+00,2,29.902573,-95.400551,10032« Airline Drive,
3113510.39586303,13883591.9800329,2,TCS-0002,Airline Dr @ Canino Rd,Traffic Control Signal,Active,1976/12/09 00:00:00+00,2,29.875555,-95.386497,7841« Airline Drive,
3110700.9848152,13888574.0166568,3,TCS-0003,Airline Dr @ Gulf Bank Rd,Traffic Control Signal,Active,1976/12/02 00:00:00+00,2,29.889487,-95.394873,8925 Airline Drive,
3109641.14310285,13890735.5638428,4,TCS-0004,Airline Dr @ Hill Rd,Traffic Control Signal,Active,1979/07/27 00:00:00+00,2,29.895518,-95.398006,9504« Airline Drive,
3111970.29395635,13886306.5444857,5,TCS-0005,Airline Dr @ Mitchell Rd,Traffic Control Signal,Active,1982/10/27 00:00:00+00,2,29.883147,-95.39109,8435 Airline Drive,
3111207.88734469,13887649.8977701,6,TCS-0006,Airline Dr @ North Pedestrian Crossing,Traffic Control Signal,Active,2006/04/06 00:00:00+00,2,29.886904,-95.393364,8803« Airline Drive,
3111345.74402437,13887394.7453933,7,TCS-0007,Airline Dr @ South Pedestrian Crossing,Traffic Control Signal,Active,2015/07/03 00:00:00+00,2,29.886191,-95.392954,8707« Airline Drive,
3109471.63852061,13891205.8585059,8,TCS-0008,Airline Dr @ West Mount Houston Rd,Traffic Control Signal,Active,1978/10/10 00:00:00+00,2,29.896825,-95.398495,9601« Airline Drive,
3120489.73623502,13893554.1395705,9,TCS-0009,Aldine Mail Route Rd @ Chrisman Rd,Traffic Control Signal,Active,1977/09/07 00:00:00+00,2,29.902342,-95.363508,1431 Aldine Mail Route Road,
3126637.10550195,13893768.7802173,10,TCS-0010,Aldine Mail Route Rd @ Deergrove St,Traffic Control Signal,Active,2019/02/28 00:00:00+00,2,29.902405,-95.344094,2626« Aldine Mail Route Road,
3129081.18001011,13893878.0326235,11,TCS-0011,Aldine Mail Route Rd @ Fern Meadow Ln,Traffic Control Signal,Active,1976/11/30 00:00:00+00,2,29.902495,-95.336373,3700 Aldine Mail Route Road,
3130711.32537186,13893943.3408919,12,TCS-0012,Aldine Mail Route Rd @ Gloger St,Traffic Control Signal,Active,1976/12/07 00:00:00+00,2,29.902534,-95.331224,4235 Aldine Mail Route Road,
3117431.70298102,13893402.02767,13,TCS-0013,Aldine Mail Route Rd @ Hardy Tollroad,Traffic Control Signal,Active,2013/08/23 00:00:00+00,2,29.902185,-95.37317,1030« Aldine Mail Route Road,
3114424.57841787,13893294.6751944,14,TCS-0014,Aldine Mail Route Rd @ Henry Rd,Traffic Control Signal,Active,2018/03/09 00:00:00+00,2,29.902146,-95.382667,759« Aldine Mail Route Road,
3130281.35543127,13893917.1165349,15,TCS-0015,Aldine Mail Route Rd @ John F Kennedy Blvd,Traffic Control Signal,Active,1977/11/09 00:00:00+00,2,29.902499,-95.332583,4104 Aldine Mail Route Road,
3111793.44129169,13893196.2610212,16,TCS-0016,Aldine Mail Route Rd @ Lilja Rd,Traffic Control Signal,Active,2016/10/26 00:00:00+00,2,29.902099,-95.390977,603« Aldine Mail Route Road,
3134646.06389344,13894188.1799691,17,TCS-0017,Aldine Mail Route Rd @ MacNaughton Dr,Traffic Control Signal,Active,1976/12/07 00:00:00+00,2,29.902867,-95.318787,4900 Aldine Mail Route Road,
3125336.73769586,13893750.6975764,18,TCS-0018,Aldine Mail Route Rd @ Russ Dr,Traffic Control Signal,Active,1976/12/06 00:00:00+00,2,29.902467,-95.348198,2402« Aldine Mail Route Road,
3113108.03052603,13893236.1369257,19,TCS-0019,Aldine Mail Route Rd @ Sellers Rd,Traffic Control Signal,Active,2018/10/11 00:00:00+00,2,29.902097,-95.386826,690« Aldine Mail Route Road,
3133159.11083061,13894105.7345959,20,TCS-0020,Aldine Mail Route Rd @ Vickery Rd,Traffic Control Signal,Active,1976/12/07 00:00:00+00,2,29.902769,-95.323486,4635 Aldine Mail Route Road,
3113601.43308252,13937438.4727334,21,TCS-0021,Aldine Westfield Rd @ Aldine ISD Transportation Center,Traffic Control Signal,Active,2017/08/16 00:00:00+00,3,30.023546,-95.380953,21240« Aldine Westfield Road,
3104383.71201669,13954318.8412036,22,TCS-0022,Aldine Westfield Rd @ Bellchase Dr,Traffic Control Signal,Active,1985/06/03 00:00:00+00,3,30.070722,-95.408429,25502« Aldine Westfield Road,
3105491.36367278,13952681.3848329,23,TCS-0023,Aldine Westfield Rd @ Cypresswood Dr,Traffic Control Signal,Active,1987/06/08 00:00:00+00,3,30.066128,-95.405088,24301« Aldine Westfield Road,
3103461.70861135,13955643.3011531,24,TCS-0024,Aldine Westfield Rd @ East Louetta Road,Traffic Control Signal,Active,2022/02/15 00:00:00+00,3,30.07444,-95.411214,25718« Aldine Westfield Road,
3116551.78413719,13930423.3965405,25,TCS-0025,Aldine Westfield Rd @ East Richey Rd & Inez Rd,Traffic Control Signal,Active,1986/12/30 00:00:00+00,1,30.004014,-95.372322,19810 Aldine Westfield Road,
3117193.62110811,13928568.8215095,26,TCS-0026,Aldine Westfield Rd @ Farrell Rd,Traffic Control Signal,Active,1986/12/18 00:00:00+00,1,29.998862,-95.370477,19310 Aldine Westfield Road,
3121509.0006007,13911349.8677585,27,TCS-0027,Aldine Westfield Rd @ Greens Rd,Traffic Control Signal,Active,1988/06/14 00:00:00+00,1,29.951167,-95.358544,2141 Greens Road,
3112690.34796244,13944219.9358765,28,TCS-0028,Aldine Westfield Rd @ Hirschfield Rd,Traffic Control Signal,Active,2022/02/08 00:00:00+00,3,30.042262,-95.383168,22603 Aldine Westfield Road,
3103092.17194887,13956146.071473,29,TCS-0029,Aldine Westfield Rd @ Lexington Woods Dr,Traffic Control Signal,Active,2013/05/02 00:00:00+00,3,30.075853,-95.412333,25818« Aldine Westfield Rd,
3113184.93489978,13942282.4974942,30,TCS-0030,Aldine Westfield Rd @ Mercer Park Entrance,Traffic Control Signal,Active,1986/05/14 00:00:00+00,1,30.036895,-95.381795,22251« Aldine Westfield Road,
3109634.72612095,13949049.7795633,31,TCS-0031,Aldine Westfield Rd @ North Spring Dr,Traffic Control Signal,Active,1996/04/11 00:00:00+00,3,30.055796,-95.39235,23800« Aldine Westfield Road,
3109891.4824972,13948863.0469971,32,TCS-0032,Aldine Westfield Rd @ Old Aldine Westfield Rd & Otto Rd,Traffic Control Signal,Active,1998/12/01 00:00:00+00,3,30.055261,-95.391557,23625« Aldine Westfield Road,
3107851.09976694,13949997.9003704,33,TCS-0033,Aldine Westfield Rd @ Old Cypresswood Dr,Traffic Control Signal,Active,1991/09/27 00:00:00+00,3,30.058553,-95.397893,27302« Cypresswood Drive,
3119660.71459912,13916520.2714597,34,TCS-0034,Aldine Westfield Rd @ Rankin Rd,Traffic Control Signal,Active,1982/09/23 00:00:00+00,1,29.965536,-95.36387,16898 Aldine Westfield Road,
3101447.53252161,13959566.3533463,35,TCS-0035,Aldine Westfield Rd @ Riley Fuzzel Rd,Traffic Control Signal,Active,2021/04/06 00:00:00+00,3,30.085392,-95.417199,203« Riley Fuzzel Road,
3102219.06706777,13957416.3947198,36,TCS-0036,Aldine Westfield Rd @ Spring School Rd,Traffic Control Signal,Active,2016/12/05 00:00:00+00,3,30.079418,-95.414969,26301« Aldine Westfield Road,
3110823.69355927,13947569.2592303,37,TCS-0037,Aldine Westfield Rd @ Trailing Vine Rd,Traffic Control Signal,Active,1986/02/13 00:00:00+00,3,30.051626,-95.388738,23400« Aldine Westfield Road,
3113484.18725403,13938720.2920202,38,TCS-0038,Aldine Westfield Rd @ Treaschwig Rd,Traffic Control Signal,Active,1977/04/18 00:00:00+00,3,30.027079,-95.381198,21424« Aldine Westfield Road,
3116127.01267703,13931754.2390232,39,TCS-0039,Aldine Westfield Rd @ Turkey Dr,Traffic Control Signal,Active,2003/05/05 00:00:00+00,1,30.007708,-95.373533,20111 Aldine Westfield Road,
3115579.0459252,13933004.8615219,40,TCS-0040,Aldine Westfield Rd @ W W Thorne Dr,Traffic Control Signal,Active,1983/05/13 00:00:00+00,1,30.011192,-95.375141,20510« Aldine Westfield Road,
3111617.95148519,13946111.867132,41,TCS-0041,Aldine Westfield Rd @ Wood River Dr,Traffic Control Signal,Active,1986/02/12 00:00:00+00,3,30.047553,-95.386371,23100« Aldine Westfield Road,
3114892.86160202,13934231.19798,42,TCS-0042,Aldine Westfield Rd @ Woodcreek Ln,Traffic Control Signal,Active,2003/05/05 00:00:00+00,1,30.014621,-95.377188,20705 Aldine Westfield Road,
3028482.25588028,13820643.8241054,43,TCS-0043,Alief Clodine Rd @ Addicks Clodine Rd,Traffic Control Signal,Active,1986/11/03 00:00:00+00,4,29.709475,-95.660354,15600« Alief Clodine Road,
3036660.54628219,13821638.2669984,44,TCS-0044,Alief Clodine Rd @ Howell Sugarland Rd,Traffic Control Signal,Active,2002/04/23 00:00:00+00,4,29.711564,-95.634511,6201« Howell Sugarland Rd,
3038754.6385507,13821888.4984533,45,TCS-0045,Alief Clodine Rd @ Metro Blvd,Traffic Control Signal,Active,1992/01/28 00:00:00+00,4,29.712086,-95.627894,13800« Alief Clodine Road,
3025311.47416411,13820383.5063845,46,TCS-0046,Alief Clodine Rd @ Westheimer Place & Westpark Dr & Westpark Tollway & Rancho Blanco,Traffic Control Signal,Active,2006/01/31 00:00:00+00,4,29.709008,-95.670362,16102« Alief Clodine Road,
3030210.74914244,13820855.4821466,47,TCS-0047,Alief Clodine Rd @ Winkelman Rd,Traffic Control Signal,Active,2000/05/31 00:00:00+00,4,29.709921,-95.654892,15353« Alief Clodine Road,
3169641.0736277,13809329.1016561,48,TCS-0048,Allen Genoa Rd @ Avenue A,Traffic Control Signal,Active,1976/12/16 00:00:00+00,2,29.666554,-95.217055,4930« Allen Genoa Road?,
3177718.56797136,13795025.9225854,49,TCS-0049,Allen Genoa Rd @ Genoa Red Bluff Rd,Traffic Control Signal,Active,2010/03/23 00:00:00+00,2,29.626519,-95.193099,5548« Allen Genoa Road,
3171645.46003886,13806522.0423096,50,TCS-0050,Allen Genoa Rd @ Vista Rd & Avenue I,Traffic Control Signal,Active,1993/12/28 00:00:00+00,2,29.65866,-95.211033,810« Allen Genoa Road,
3097653.23761678,13785046.7535674,51,TCS-0051,Anderson Rd @ Hiram Clarke Rd,Traffic Control Signal,Active,2023/02/08 00:00:00+00,1,29.606017,-95.445957,15150 Hiram Clarke Road,
3083487.26594877,13891481.9740954,52,TCS-0052,Antoine Dr @ Breen Dr,Traffic Control Signal,Active,1994/03/15 00:00:00+00,1,29.899759,-95.480439,6014 Breen Drive,
3085561.75819086,13886821.4312512,53,TCS-0053,Antoine Dr @ Bridge Forest Dr,Traffic Control Signal,Active,2000/04/24 00:00:00+00,1,29.886777,-95.474338,8195 Antoine Drive,
3083523.7104297,13893577.558815,54,TCS-0054,Antoine Dr @ Chippewa Blvd,Traffic Control Signal,Active,2000/04/20 00:00:00+00,1,29.905516,-95.480125,9460 Antoine Drive,
3082863.22585827,13899852.4425907,55,TCS-0055,Antoine Dr @ Frick Rd,Traffic Control Signal,Active,2018/06/27 00:00:00+00,1,29.922818,-95.481613,3440« Frick Road,
3082896.55682836,13902314.6781518,56,TCS-0056,Antoine Dr @ Trail Valley Way & Wheat St,Traffic Control Signal,Active,1993/01/14 00:00:00+00,1,29.929583,-95.481274,3448« Wheat Street,
3082099.26150694,13907255.3729948,57,TCS-0057,Antoine Dr @ West Greens Rd,Traffic Control Signal,Active,2000/03/26 00:00:00+00,1,29.943229,-95.483321,4146 W Greens Rd,
3083682.77671261,13889262.7665916,58,TCS-0058,Antoine Dr @ West Mount Houston Rd,Traffic Control Signal,Active,1983/02/02 00:00:00+00,1,29.893643,-95.480033,8795« Antoine Dr,
3083603.6945217,13896405.7309802,59,TCS-0059,Antoine Dr @ West Rd,Traffic Control Signal,Active,2006/08/30 00:00:00+00,1,29.913283,-95.479604,6030« West Road,
3169500.63624452,13924871.9342183,60,TCS-0060,Atascocita Rd @ Atascocita Meadows Dr,Traffic Control Signal,Active,2010/09/14 00:00:00+00,3,29.984137,-95.205695,4520« Atascocita Road,
3181254.44738252,13929779.1074748,61,TCS-0061,Atascocita Rd @ Atascocita Trace Dr,Traffic Control Signal,Active,2015/06/29 00:00:00+00,3,29.99657,-95.16808,7237« Atascocita Road,
3162983.84120728,13921094.5506969,62,TCS-0062,Atascocita Rd @ Atascocita Way,Traffic Control Signal,Active,2003/01/08 00:00:00+00,3,29.974335,-95.226654,2930« Atascocita Road,
3161511.6292567,13920027.9238932,63,TCS-0063,Atascocita Rd @ Atascocita Bend Dr,Traffic Control Signal,Active,2018/10/04 00:00:00+00,3,29.971534,-95.23141,2607« Atascocita Road,
3175954.04131669,13927582.7181668,64,TCS-0064,Atascocita Rd @ Eagle Springs Pkwy,Traffic Control Signal,Active,2015/06/30 00:00:00+00,3,29.99101,-95.185042,5955« Atascocita Road,
3178117.8932882,13928494.9912766,65,TCS-0065,Atascocita Rd @ Kings Park Way,Traffic Control Signal,Active,2010/09/14 00:00:00+00,3,29.993323,-95.178116,6602« Atascocita Road,
3173590.06310503,13926588.0118228,66,TCS-0066,Atascocita Rd @ Timber Forest Dr,Traffic Control Signal,Active,1996/05/22 00:00:00+00,3,29.988488,-95.192608,5397« Atascocita Road,
3179395.73554878,13929021.8087925,67,TCS-0067,Atascocita Rd @ Town Center Blvd,Traffic Control Signal,Active,1994/01/31 00:00:00+00,3,29.994656,-95.174027,6901 Atascocita Road,
3156305.1554177,13916408.6529165,68,TCS-0068,Atascocita Rd @ Wilson Rd,Traffic Control Signal,Active,1989/11/16 00:00:00+00,3,29.962047,-95.248212,3103« Wilson Road,
3167394.59747761,13924010.8099563,69,TCS-0069,Atascocita Rd @ Woodland Hills Dr,Traffic Control Signal,Active,1997/01/15 00:00:00+00,3,29.981958,-95.212432,4102« Atascocita Road,
3160629.13200594,13919288.1645459,70,TCS-0070,Atascocita Rd @ Ygnacio Rd,Traffic Control Signal,Active,1994/07/14 00:00:00+00,3,29.969579,-95.234271,2307« Atascocita Road,
3077268.28166761,13910395.3053632,71,TCS-0071,Bammel North Houston Rd @ Bourgeois Rd & Kleinmeadows Dr,Traffic Control Signal,Active,2008/10/27 00:00:00+00,1,29.952258,-95.498271,13030« Bammel North Houston Road,
3077178.28512844,13912046.1737806,72,TCS-0072,Bammel North Houston Rd @ Champion Forest Dr & Kleinbrook Dr,Traffic Control Signal,Active,1992/08/21 00:00:00+00,1,29.956803,-95.498399,12299« Bammel North Houston Road,
3078292.38723095,13917935.2732228,73,TCS-0073,Bammel North Houston Rd @ De Forrest St & South Trace Dr,Traffic Control Signal,Active,1982/10/21 00:00:00+00,1,29.972898,-95.494325,13475 Bammel North Houston Road,
3079636.9363791,13900108.7599914,74,TCS-0074,Bammel North Houston Rd @ Fallbrook Dr,Traffic Control Signal,Active,2008/08/21 00:00:00+00,1,29.923789,-95.491769,10050« Bammel North Houston Rd,
3080605.55123977,13924991.2364731,75,TCS-0075,Bammel North Houston Rd @ Falling Creek Dr,Traffic Control Signal,Active,2001/02/13 00:00:00+00,1,29.992101,-95.486353,14500« Bammel North Houston Road,
3077304.72647661,13909538.1456602,76,TCS-0076,Bammel North Houston Rd @ Green Pines Ln,Traffic Control Signal,Active,1985/05/13 00:00:00+00,1,29.949899,-95.498237,11903« Bammel North Houston Road,
3077159.55911602,13914247.4580919,77,TCS-0077,Bammel North Houston Rd @ Misty Valley Dr,Traffic Control Signal,Active,1980/03/19 00:00:00+00,1,29.962855,-95.49825,12801 Bammel North Houston Road,
3077860.37070653,13903090.0939238,78,TCS-0078,Bammel North Houston Rd @ Old Bammel North Houston Rd,Traffic Control Signal,Active,1995/01/04 00:00:00+00,1,29.93213,-95.497093,10701« Bammel North Houston Road,
3079272.72254062,13901653.8802608,79,TCS-0079,Bammel North Houston Rd @ Silver Star Dr,Traffic Control Signal,Active,1995/01/04 00:00:00+00,1,29.928066,-95.492772,7001« Silver Star Drive,
3079589.83411111,13922039.5707885,80,TCS-0080,Bammel North Houston Rd @ Torrey Chase,Traffic Control Signal,Active,2001/02/13 00:00:00+00,1,29.984072,-95.48984,14218« Bammel North Houston Rd,
3081403.97516786,13925580.2628541,81,TCS-0081,Bammel North Houston Rd @ Walters Rd,Traffic Control Signal,Active,2018/07/20 00:00:00+00,1,29.993654,-95.483776,14500« Walters Road,
3077396.04551969,13908266.4205133,82,TCS-0082,Bammel North Houston Rd @ West Greens Rd,Traffic Control Signal,Active,1985/01/09 00:00:00+00,1,29.946396,-95.498069,11602« Bammel North Houston Road,
3077079.92738552,13913637.8553085,83,TCS-0083,Bammel North Houston Rd @ West Richey Rd,Traffic Control Signal,Active,1987/05/11 00:00:00+00,1,29.961186,-95.498559,12580« Bammel North Houston Road,
3101342.81586753,13935893.1270709,84,TCS-0084,Bammel Rd @ Imperial Valley Dr,Traffic Control Signal,Active,2007/11/07 00:00:00+00,1,30.020336,-95.419821,711« Bammel Road,
3232313.13036995,13813860.0693002,85,TCS-0085,Barbours Cut Blvd @ Broadway,Traffic Control Signal,Active,2010/02/16 00:00:00+00,2,29.673288,-95.019335,700« North Broadway Street,
3018467.37925653,13891504.8044304,86,TCS-0086,Barker Cypress Rd @ Berry Center Entrance,Traffic Control Signal,Active,2006/05/24 00:00:00+00,4,29.905045,-95.685565,8878« Barker Cypress Rd,
3019647.21055828,13875847.0545779,87,TCS-0087,Barker Cypress Rd @ Brenwood Dr,Traffic Control Signal,Active,2000/12/18 00:00:00+00,4,29.861913,-95.683244,6172 Barker Cypress Road,
3019382.13562912,13864640.2361124,88,TCS-0088,Barker Cypress Rd @ Clay Rd,Traffic Control Signal,Active,1983/05/31 00:00:00+00,4,29.831128,-95.685082,18102 Clay Road,
3022370.88654137,13915978.0766779,89,TCS-0089,Barker Cypress Rd @ Coles Crossing Dr,Traffic Control Signal,Active,2003/03/12 00:00:00+00,3,29.972011,-95.671051,13620« Barker Cypress Road,
3018231.1343222,13893834.7810696,90,TCS-0090,Barker Cypress Rd @ Cy-Fair College Entrance,Traffic Control Signal,Active,2003/05/29 00:00:00+00,3,29.911468,-95.686102,9188« Barker Cypress Road,
3020277.27294645,13905136.8181768,91,TCS-0091,Barker Cypress Rd @ Cypress North Houston Rd,Traffic Control Signal,Active,2008/12/04 00:00:00+00,3,29.942375,-95.678633,11455« Barker Cypress Rd,
3019552.85871287,13879251.3013784,92,TCS-0092,Barker Cypress Rd @ Dinner Creek Dr,Traffic Control Signal,Active,2003/05/23 00:00:00+00,4,29.871278,-95.683237,6495« Barker Cypress Rd,
3022236.06299211,13910955.5345577,93,TCS-0093,Barker Cypress Rd @ Dundee Rd,Traffic Control Signal,Active,2012/06/07 00:00:00+00,3,29.958216,-95.671928,12355« Barker Cypress Road,
3019529.91682962,13880093.5608487,94,TCS-0094,Barker Cypress Rd @ Fieldglen Dr,Traffic Control Signal,Active,1992/12/17 00:00:00+00,4,29.873595,-95.683234,6602« Barker Cypress Road,
3019266.06696361,13886243.305767,95,TCS-0095,Barker Cypress Rd @ Forest Heights Dr,Traffic Control Signal,Active,1999/04/22 00:00:00+00,4,29.89052,-95.683516,7790« Barker Cypress Road,
3018937.40161045,13860891.8869818,96,TCS-0096,Barker Cypress Rd @ Green Land Way,Traffic Control Signal,Active,2003/05/01 00:00:00+00,4,29.820859,-95.686819,3603« Barker Cypress Road,
3018970.53507435,13855636.1038582,97,TCS-0097,Barker Cypress Rd @ Groschke Rd & Estates at Cullen Park Blvd,Traffic Control Signal,Active,1994/02/02 00:00:00+00,4,29.806409,-95.687184,2501« Barker Cypress Road,
3019898.37180136,13924249.5079697,98,TCS-0098,Barker Cypress Rd @ Huffmeister Rd,Traffic Control Signal,Active,2011/06/02 00:00:00+00,3,29.99494,-95.678115,16732« Huffmeister Road,
3021636.12685603,13913514.2046372,99,TCS-0099,Barker Cypress Rd @ Jarvis Rd,Traffic Control Signal,Active,2002/10/07 00:00:00+00,3,29.965296,-95.673592,12950« Barker Cypress Road,
3019798.80080628,13871006.3742987,100,TCS-0100,Barker Cypress Rd @ Kieth Harrow Blvd,Traffic Control Signal,Active,1984/11/29 00:00:00+00,4,29.848595,-95.683199,18234 Kieth Harrow Boulevard,
3019045.81149861,13888521.3353317,101,TCS-0101,Barker Cypress Rd @ Longenbaugh Dr,Traffic Control Signal,Active,1999/10/12 00:00:00+00,4,29.896799,-95.684007,8200« Barker Cypress Road,
3018981.04850477,13857795.4748675,102,TCS-0102,Barker Cypress Rd @ Morton Rd & Groschke Rd,Traffic Control Signal,Active,1994/01/28 00:00:00+00,4,29.812344,-95.686958,3001« Barker Cypress Road,
3019927.95770019,13867616.2354097,103,TCS-0103,Barker Cypress Rd @ Oak Hampton Dr,Traffic Control Signal,Active,2003/05/28 00:00:00+00,4,29.839266,-95.683095,4602« Barker Cypress Road,
3020963.59440844,13906885.1132366,104,TCS-0104,Barker Cypress Rd @ Queenston Blvd,Traffic Control Signal,Active,2003/03/12 00:00:00+00,3,29.947127,-95.67631,11800« Barker Cypress Road,
3019149.64364003,13902132.9062056,105,TCS-0105,Barker Cypress Rd @ Riata Ranch Blvd,Traffic Control Signal,Active,2003/03/17 00:00:00+00,3,29.934206,-95.682461,10660« Barker Cypress Road,
3022143.47000144,13918247.580341,106,TCS-0106,Barker Cypress Rd @ Spring Cypress Rd,Traffic Control Signal,Active,2003/08/12 00:00:00+00,3,29.978267,-95.671565,16201« Spring Cypress Road,
3018090.05816078,13897034.3937649,107,TCS-0107,Barker Cypress Rd @ Tuckerton Rd,Traffic Control Signal,Active,2007/01/16 00:00:00+00,3,29.920274,-95.686261,9802« Barker Cypress Road,
3019615.33955903,13877082.3185116,108,TCS-0108,Barker Cypress Rd @ West Little York Rd,Traffic Control Signal,Active,2020/03/24 00:00:00+00,4,29.865311,-95.683234,6290 Barker Cypress Road,
3019324.44348727,13884442.3543164,109,TCS-0109,Barker Cypress Rd @ Westgate Park Dr,Traffic Control Signal,Active,2006/02/10 00:00:00+00,4,29.885565,-95.683493,7350« Barker Cypress Road,
3221585.1882432,13789830.5766768,110,TCS-0110,Bay Area Blvd @ Bayport Blvd,Traffic Control Signal,Active,1998/01/29 00:00:00+00,2,29.608242,-95.055651,10190« Bay Area Boulevard,
3223001.04302302,13790514.709823,111,TCS-0111,Bay Area Blvd @ Chemical Rd,Traffic Control Signal,Active,2007/12/01 00:00:00+00,2,29.609991,-95.051125,10461« Bay Area Boulevard,
3225120.52402027,13794239.5780294,112,TCS-0112,Bay Area Blvd @ Choate Rd,Traffic Control Signal,Active,2018/11/21 00:00:00+00,2,29.620032,-95.044062,11330 Bay Area Boulevard,
3209108.87428512,13784780.6238503,113,TCS-0113,Bay Area Blvd @ Park Shadows Trail,Traffic Control Signal,Active,2008/12/22 00:00:00+00,2,29.595513,-95.095424,12222« Park Shadows Trail,
3223803.81897652,13790881.2871739,114,TCS-0114,Bay Area Blvd @ Port Rd,Traffic Control Signal,Active,2015/11/02 00:00:00+00,2,29.610924,-95.048561,10700 Bay Area Boulevard,
3172713.42804727,13778867.9227492,115,TCS-0115,Beamer Rd @ Astoria Blvd,Traffic Control Signal,Active,1994/10/05 00:00:00+00,2,29.582553,-95.210493,13055« Beamer Road,
3176450.12234552,13775575.2311718,116,TCS-0116,Beamer Rd @ Dixie Farm Rd,Traffic Control Signal,Active,1982/08/05 00:00:00+00,2,29.573169,-95.199079,13955 Beamer Road,
3187939.41728027,13765269.362676,117,TCS-0117,Beamer Rd @ El Dorado Blvd,Traffic Control Signal,Active,2016/10/05 00:00:00+00,2,29.54381,-95.164016,16902« Beamer Road,
3167045.25565661,13783831.4321791,118,TCS-0118,Beamer Rd @ Hall Rd,Traffic Control Signal,Active,1983/12/19 00:00:00+00,2,29.5967,-95.227814,11701 Beamer Road,
3174478.26277219,13777321.8575999,119,TCS-0119,Beamer Rd @ South Fork Blvd,Traffic Control Signal,Active,1994/10/05 00:00:00+00,2,29.578146,-95.205101,13550« Beamer Road,
3190599.81681511,13762881.7355615,120,TCS-0120,Beamer Rd @ West Bay Area Blvd,Traffic Control Signal,Active,2016/10/05 00:00:00+00,2,29.537007,-95.1559,1950« West Bay Area Boulevard,
3039497.46121202,13813126.4411743,121,TCS-0121,Beechnut St @ Hemlock Hill Dr,Traffic Control Signal,Active,2003/07/14 00:00:00+00,4,29.687941,-95.626351,8506« Hemlock Hill Drive,
3027305.31597695,13817183.4373254,122,TCS-0122,Bellaire Blvd @ Addicks Clodine Rd,Traffic Control Signal,Active,1989/01/23 00:00:00+00,4,29.700055,-95.664371,15799« Bellaire Boulevard,
3040096.72805811,13818883.4683741,123,TCS-0123,Bellaire Blvd @ Eldridge Pkwy,Traffic Control Signal,Active,2017/06/22 00:00:00+00,4,29.703719,-95.623941,13601« Bellaire Boulevard,
3036755.43355961,13818948.6562359,124,TCS-0124,Bellaire Blvd @ Howell Sugarland Rd,Traffic Control Signal,Active,1995/12/12 00:00:00+00,4,29.704163,-95.634456,14102« Bellaire Boulevard,
3038976.58036403,13818895.1579833,125,TCS-0125,Bellaire Blvd @ Metro Blvd,Traffic Control Signal,Active,2007/04/02 00:00:00+00,4,29.70384,-95.627467,13802« Bellaire Boulevard,
3034987.9118322,13818910.188465,126,TCS-0126,Bellaire Blvd @ Tres Lagunas Dr,Traffic Control Signal,Active,1990/11/14 00:00:00+00,4,29.704197,-95.640025,14489« Bellaire Boulevard,
3031026.77539752,13817720.5084297,127,TCS-0127,Bellaire Blvd @ Winkelman Rd,Traffic Control Signal,Active,2017/06/08 00:00:00+00,4,29.701239,-95.652605,7002« Winkleman Road,
3044535.89568895,13810559.8167143,128,TCS-0128,Bissonnet Rd @ Beckford Dr,Traffic Control Signal,Active,1992/06/15 00:00:00+00,4,29.680485,-95.610723,9202« Beckford Drive,
3040522.21408378,13810671.7731833,129,TCS-0129,Bissonnet Rd @ Eldridge Pkwy,Traffic Control Signal,Active,1990/06/01 00:00:00+00,4,29.681112,-95.623348,13703« Bissonnet Road,
3037055.29516461,13810495.7794409,130,TCS-0130,Bissonnet Rd @ Howell Sugarland Rd,Traffic Control Signal,Active,2003/07/11 00:00:00+00,4,29.680903,-95.634278,14602« Bissonnet Road,
3164814.78373961,13779675.7839943,131,TCS-0131,Blackhawk Blvd @ Hughes Rd,Traffic Control Signal,Active,2016/07/20 00:00:00+00,2,29.585475,-95.23525,10104« Hughes Road,
3162244.09039019,13782201.9534827,132,TCS-0132,Blackhawk Blvd @ Kirkville Dr,Traffic Control Signal,Active,2005/09/08 00:00:00+00,2,29.592646,-95.243079,10410« Blackhawk Boulevard,
3161354.11808878,13783211.6712795,133,TCS-0133,Blackhawk Blvd @ Southbluff Blvd,Traffic Control Signal,Active,2002/08/26 00:00:00+00,2,29.5955,-95.245776,10127« Blackhawk Boulevard,
3047092.30757086,13946727.1362427,134,TCS-0134,Boudreaux Rd @ Hufsmith Kohrville Rd,Traffic Control Signal,Active,2006/09/06 00:00:00+00,3,30.054571,-95.590174,20003« Hufsmith Kohrville Road,
3073481.02775919,13890566.1704808,135,TCS-0135,Breen Rd @ Woodland Oaks Dr,Traffic Control Signal,Active,2018/02/12 00:00:00+00,1,29.898066,-95.512092,8033« Breen Drive,
3000269.99275111,13902671.9467942,136,TCS-0136,Bridgeland Creek Pkwy @ Creekside Bend Blvd,Traffic Control Signal,Active,2018/07/12 00:00:00+00,3,29.937147,-95.741997,19103« Bridgeland Creek Parkway,
3002784.8325377,13903375.8430242,137,TCS-0137,Bridgeland Creek Pkwy @ Westgreen Dr & Josey Ranch Rd,Traffic Control Signal,Active,2018/02/27 00:00:00+00,3,29.938889,-95.733998,18750« Bridgeland Creek Parkway,
3055567.24632961,13872668.8047009,138,TCS-0138,Brittmoore Rd @ Tanner Rd,Traffic Control Signal,Active,1980/11/12 00:00:00+00,3,29.850328,-95.570261,5701« Brittmoore,
3055738.89296794,13878858.8467827,139,TCS-0139,Brittmoore Rd @ West Little York Rd,Traffic Control Signal,Active,1980/01/30 00:00:00+00,3,29.867329,-95.569147,10850 West Little York Road,
3168501.26094669,13873932.3605727,140,TCS-0140,C E King Pkwy @ Beaumont Volunteer Fire Station,Traffic Control Signal,Active,1997/03/31 00:00:00+00,1,29.844222,-95.214058,8403« C E King Parkway,
3168421.29916435,13875275.2338712,141,TCS-0141,C E King Pkwy @ Crenshaw Rd,Traffic Control Signal,Active,1985/07/15 00:00:00+00,1,29.84792,-95.214173,8534« C E King Parkway,
3169771.05958819,13888120.6028654,142,TCS-0142,C E King Pkwy @ Garrett Rd,Traffic Control Signal,Active,2022/10/11 00:00:00+00,1,29.883105,-95.208604,11201« C E King Parkway,
3168561.67913294,13872027.4595269,143,TCS-0143,C E King Pkwy @ Green River Dr,Traffic Control Signal,Active,1981/03/26 00:00:00+00,1,29.838981,-95.214062,7975 C E King Parkway,
3168394.94718294,13876089.0081623,144,TCS-0144,C E King Pkwy @ Tidwell Rd,Traffic Control Signal,Active,1984/06/21 00:00:00+00,1,29.850159,-95.214173,8650« C E King Parkway,
3047524.64791353,13890971.6539219,145,TCS-0145,Castlebridge Dr @ HOV Entrance,Traffic Control Signal,Active,1999/09/09 00:00:00+00,3,29.901284,-95.59394,12150« Castlebridge Drive,
3239186.15336928,13853222.6697087,146,TCS-0147,West Cedar Bayou Lynchburg Rd @ John Martin Rd,Traffic Control Signal,Active,2017/05/02 00:00:00+00,2,29.780828,-94.993458,2400« West Cedar Bayou Lynchburg Road,
3226934.11619361,13855023.1749659,147,TCS-0148,West Cedar Bayou Lynchburg Rd @ Thompson Rd,Traffic Control Signal,Active,2011/12/08 00:00:00+00,2,29.786925,-95.031867,6000« Thompson Road,
3070045.39585094,13922901.0185407,148,TCS-0149,Champion Forest Dr @ Bermuda Dunes Dr,Traffic Control Signal,Active,1983/03/17 00:00:00+00,3,29.987224,-95.519894,13601« Champion Forest Drive,
3070946.83991419,13921558.7974719,149,TCS-0150,Champion Forest Dr @ Coral Ridge Rd,Traffic Control Signal,Active,1998/06/02 00:00:00+00,3,29.983461,-95.517174,13375« Champion Forest Drive,
3053850.01912102,13946485.6990615,150,TCS-0151,Champion Forest Dr @ Crescent Clover Dr,Traffic Control Signal,Active,2012/03/02 00:00:00+00,3,30.053364,-95.568845,20003« Champion Forest Drive,
3065817.6100152,13927856.1939978,151,TCS-0152,Champion Forest Dr @ Cypresswood Dr,Traffic Control Signal,Active,1982/08/04 00:00:00+00,3,30.001189,-95.532779,15801 Champion Forest Drive,
3056324.82781969,13940618.2180144,152,TCS-0153,Champion Forest Dr @ Gleannloch Forest Dr,Traffic Control Signal,Active,2012/03/02 00:00:00+00,3,30.037037,-95.561571,19022« Champion Forest Drive,
3064648.81412445,13930741.2335033,153,TCS-0154,Champion Forest Dr @ Herts Rd,Traffic Control Signal,Active,1998/06/02 00:00:00+00,3,30.009214,-95.5362,16655« Champion Forest Drive,
3063876.58961903,13932075.7902174,154,TCS-0155,Champion Forest Dr @ Louetta Rd,Traffic Control Signal,Active,1982/09/29 00:00:00+00,3,30.012945,-95.538514,8242« Louetta Road,
3054778.01103145,13945181.7023257,155,TCS-0156,Champion Forest Dr @ Northpointe Blvd,Traffic Control Signal,Active,2012/03/02 00:00:00+00,3,30.049705,-95.566034,19700« Champion Forest Drive,
3058323.24212994,13939318.1553258,156,TCS-0157,Champion Forest Dr @ Spring Cypress Rd,Traffic Control Signal,Active,1995/05/25 00:00:00+00,3,30.033302,-95.555379,8807« Spring Cypress Rd,
3067798.44430812,13925284.9117388,157,TCS-0158,Champion Forest Dr @ Strack Rd,Traffic Control Signal,Active,1983/03/17 00:00:00+00,3,29.99396,-95.526765,5601« Strack Road,
3075803.55165744,13913002.6219989,158,TCS-0159,Champion Forest Dr @ West Richey Rd,Traffic Control Signal,Active,2009/02/26 00:00:00+00,1,29.959545,-95.502648,11603« Champion Forest Drive,
3016267.41351211,13864560.4252484,159,TCS-0160,Clay Rd @ Country Spring Rd,Traffic Control Signal,Active,2009/05/12 00:00:00+00,4,29.831151,-95.694909,18802« Clay Road,
3012081.82116152,13864448.8916788,160,TCS-0161,Clay Rd @ Dayflower Dr,Traffic Control Signal,Active,2000/11/10 00:00:00+00,4,29.831169,-95.708115,19338« Clay Road,
3008343.91065836,13864343.8393954,161,TCS-0162,Clay Rd @ Fry Rd,Traffic Control Signal,Active,1986/07/03 00:00:00+00,4,29.831169,-95.719909,19898« Clay Road,
3013913.64919078,13864513.2445684,162,TCS-0163,Clay Rd @ Greenhouse Rd,Traffic Control Signal,Active,2000/11/10 00:00:00+00,4,29.831204,-95.702334,19040« Clay Road,
3033450.78662561,13866824.7346961,163,TCS-0164,Clay Rd @ Hickory Downs Dr,Traffic Control Signal,Active,1985/04/18 00:00:00+00,4,29.836029,-95.64053,16002« Clay Road,
3028845.40016711,13866304.8902633,164,TCS-0165,Clay Rd @ Kinloch Dr,Traffic Control Signal,Active,2000/05/15 00:00:00+00,4,29.834963,-95.655097,16655« Clay Road,
3000122.05833569,13864339.6415692,165,TCS-0166,Clay Rd @ Lakes of Bridgewater Dr & Westgreen Lakes Dr,Traffic Control Signal,Active,2005/09/13 00:00:00+00,4,29.831789,-95.745831,21401« Clay Rd,
3009581.40391828,13864394.5833884,166,TCS-0167,Clay Rd @ Lone Star College & Rhoades Elementary,Traffic Control Signal,Active,2013/08/22 00:00:00+00,4,29.831213,-95.716003,19710« Clay Road,
2997412.42103845,13864167.5592362,167,TCS-0168,Clay Rd @ Mason Rd,Traffic Control Signal,Active,2007/08/07 00:00:00+00,4,29.831523,-95.754389,21803« Clay Rd,
2991358.08701852,13864019.6356475,168,TCS-0169,Clay Rd @ Peek Rd,Traffic Control Signal,Active,2017/08/16 00:00:00+00,4,29.831577,-95.77349,22985« Clay Road,
3030158.79091303,13866704.8254871,169,TCS-0170,Clay Rd @ Scone St,Traffic Control Signal,Active,2000/05/31 00:00:00+00,4,29.835959,-95.65092,16525« Clay Road,
3026809.41539395,13864828.6409193,170,TCS-0171,Clay Rd @ Stacy Rd & Pine Forest Ln,Traffic Control Signal,Active,1989/11/30 00:00:00+00,4,29.831065,-95.661649,17125« Clay Road,
3005300.35604994,13864282.5901741,171,TCS-0172,Clay Rd @ Westfield Village Dr,Traffic Control Signal,Active,2012/06/06 00:00:00+00,4,29.831235,-95.72951,20401« Clay Rd,
3022579.62234436,13864720.8432346,172,TCS-0173,Clay Rd @ Windsong Trail,Traffic Control Signal,Active,1992/12/08 00:00:00+00,4,29.8311,-95.674994,18007« Clay Road,
3157639.98444094,13832830.5159393,173,TCS-0174,Clinton Dr @ Galena Manor Dr,Traffic Control Signal,Active,1984/03/15 00:00:00+00,2,29.732213,-95.252455,102 Galena Manor Drive,
3161544.33194719,13833067.5673024,174,TCS-0175,Clinton Dr @ North Main St,Traffic Control Signal,Active,1984/03/15 00:00:00+00,2,29.73252,-95.240135,100 S Main St,
3161314.04959936,13805714.9632151,175,TCS-0176,College Ave @ Austin St,Traffic Control Signal,Active,1984/08/14 00:00:00+00,2,29.657358,-95.243628,1116 College Avenue,
3162368.33620469,13806635.4666234,176,TCS-0177,College Ave @ Main St,Traffic Control Signal,Active,1978/02/23 00:00:00+00,2,29.659795,-95.240217,901-1« College Avenue,
3215831.88347685,13886112.1833259,177,TCS-0178,Crosby Lynchburg Rd @ Arcadian Dr & Coy St,Traffic Control Signal,Active,2017/01/05 00:00:00+00,3,29.873401,-95.06355,199« Arcadian Drive,
3218479.46446778,13866364.9724923,178,TCS-0179,Crosby Lynchburg Rd @ East Wallisville Rd,Traffic Control Signal,Active,2021/07/06 00:00:00+00,3,29.818883,-95.057301,103« East Wallisville Road,
3216476.67877519,13884047.1995949,179,TCS-0180,Crosby Lynchburg Rd @ Red Oak Ave,Traffic Control Signal,Active,2017/01/05 00:00:00+00,3,29.867666,-95.061736,101« Red Oak Avenue,
3218645.54976553,13863604.2381843,180,TCS-0181,Crosby Lynchburg Rd @ South Battle Bell Rd,Traffic Control Signal,Active,1976/12/27 00:00:00+00,3,29.81128,-95.057071,102 Battle Bell Road,
3070237.84822194,13909463.5916754,181,TCS-0182,Cutten Rd @ Bourgeois Rd,Traffic Control Signal,Active,1999/12/16 00:00:00+00,1,29.950274,-95.520549,11522« Cutten Road,
3059985.96419819,13923880.3318708,182,TCS-0183,Cutten Rd @ Cypresswood Dr,Traffic Control Signal,Active,1992/08/31 00:00:00+00,3,29.990735,-95.551565,9651« Cypresswood Drive,
3062280.22929469,13920041.0085127,183,TCS-0184,Cutten Rd @ Hargrave Rd & Cherry Hills Rd,Traffic Control Signal,Active,1999/01/22 00:00:00+00,3,29.979996,-95.544679,13950« Cutten Road,
3055977.38330461,13926772.559354,184,TCS-0185,Cutten Rd @ Louetta Rd,Traffic Control Signal,Active,1993/07/19 00:00:00+00,3,29.999009,-95.563954,10102« Louetta Road,
3067336.63716087,13913818.8519938,185,TCS-0186,Cutten Rd @ Theall Ln,Traffic Control Signal,Active,2006/09/25 00:00:00+00,1,29.962482,-95.529298,12502« Cutten Road,
3057627.93840244,13925070.7651854,186,TCS-0187,Cutten Rd @ Vintage Preserve Pkwy,Traffic Control Signal,Active,2017/11/02 00:00:00+00,3,29.994198,-95.5589,15055« Vintage Preserve Parkway,
3039371.03593995,13907545.0266149,187,TCS-0188,Cypress North Houston Rd @ Barwood Bend Dr,Traffic Control Signal,Active,1987/07/06 00:00:00+00,3,29.94749,-95.618151,13019 Cypress North Houston Road,
3041363.81541894,13907995.9991382,188,TCS-0189,Cypress North Houston Rd @ Mile Dr,Traffic Control Signal,Active,2012/11/21 00:00:00+00,3,29.948571,-95.61182,12611« Cypress North Houston Rd,
3046375.77422702,13909538.9783357,189,TCS-0190,Cypress North Houston Rd @ Oak Plaza Dr & Marcia Dr,Traffic Control Signal,Active,1987/07/06 00:00:00+00,3,29.952412,-95.595859,11701 Cypress North Houston Road,
3037788.06174369,13907471.6238746,190,TCS-0191,Cypress North Houston Rd @ Raven South Dr & Cypress Park Dr,Traffic Control Signal,Active,2007/02/06 00:00:00+00,3,29.947414,-95.623154,13302« Cypress North Houston Road,
3029704.92174202,13906375.0109103,191,TCS-0192,Cypress North Houston Rd @ Telge Rd,Traffic Control Signal,Active,1988/06/27 00:00:00+00,3,29.945039,-95.648766,11613 Telge Road,
3033081.37069778,13907236.6650269,192,TCS-0193,Cypress North Houston Rd @ Terrebone Dr,Traffic Control Signal,Active,1998/09/14 00:00:00+00,3,29.947141,-95.638031,14402« Cypress North Houston Road,
3013499.49450728,13934848.6577031,193,TCS-0194,Cypress Rose Hill Rd @ Grant Rd,Traffic Control Signal,Active,2011/10/05 00:00:00+00,3,30.024572,-95.697376,17706« Cypress Rose Hill Rd,
3013365.55579878,13918432.0264944,194,TCS-0195,Cypress Rose Hill Rd @ Queenslake Drive,Traffic Control Signal,Active,2015/08/24 00:00:00+00,3,29.979458,-95.699263,14370« Cypress Rose Hill Rd,
3094952.5182807,13937203.9056173,195,TCS-0196,Cypress Station Dr @ Hollow Tree Ln,Traffic Control Signal,Active,2021/10/14 00:00:00+00,1,30.024475,-95.439878,497« Hollow Tree Lane,
3112844.09568645,13953919.6927237,196,TCS-0197,Cypresswood Dr @ Birnamwood Blvd,Traffic Control Signal,Active,2012/01/18 00:00:00+00,3,30.068908,-95.381734,24940« Birnamwood Blvd,
3108741.03991619,13951549.8362429,197,TCS-0198,Cypresswood Dr @ Bradbury Forest Dr & Old Cypresswood Dr,Traffic Control Signal,Active,2008/12/03 00:00:00+00,3,30.062743,-95.39493,2008« Bradbury Forest Drive,
3114822.22657269,13954638.4370211,198,TCS-0199,Cypresswood Dr @ Breckenridge Forest Dr,Traffic Control Signal,Active,2020/01/07 00:00:00+00,3,30.070715,-95.375413,25802« Cypresswood Drive,
3063207.46661344,13925635.2420748,199,TCS-0200,Cypresswood Dr @ Champion Dr,Traffic Control Signal,Active,2012/10/30 00:00:00+00,3,29.995297,-95.541229,9310« Cypresswood Drive,
3127082.88840303,13943534.238429,200,TCS-0201,Cypresswood Dr @ Coachgate Dr,Traffic Control Signal,Active,2012/12/12 00:00:00+00,3,30.039146,-95.33777,22055« Cypresswood Drive,
3058457.86095519,13922730.736729,201,TCS-0202,Cypresswood Dr @ Cutten Rd & Schroeder Rd,Traffic Control Signal,Active,1993/07/19 00:00:00+00,3,29.987699,-95.556497,14902« Cutten Road,
3013297.53460936,13919618.6589637,202,TCS-0203,Cypress Rose Hill Rd @ Cypresswood Dr,Traffic Control Signal,Active,2009/03/28 00:00:00+00,3,29.982725,-95.699372,14501« Cypress Rose Hill Road,
3129400.14689186,13941345.9534355,203,TCS-0204,Cypresswood Dr @ Cypresswood Green Dr (Golf Course Entr),Traffic Control Signal,Active,2020/01/23 00:00:00+00,3,30.032932,-95.330667,21603 Cypresswood Drive,
3129743.6337377,13936908.7211683,204,TCS-0205,Cypresswood Dr @ Cypresswood Point Ave,Traffic Control Signal,Active,2014/03/20 00:00:00+00,3,30.020707,-95.330022,6303« Cypresswood Point Ave,
3052253.51608044,13918676.4226592,205,TCS-0206,Cypresswood Dr @ East Cypress Forest Dr,Traffic Control Signal,Active,2012/10/25 00:00:00+00,3,29.977056,-95.576462,13826« East Cypress Forest Drive,
2994789.36329244,13925877.3459214,206,TCS-0207,Cypresswood Dr @ Fairfield Place,Traffic Control Signal,Active,2018/01/12 00:00:00+00,3,30.001352,-95.757263,21702« Cypresswood Drive,
3095458.40407994,13946743.4685591,207,TCS-0208,Cypresswood Dr @ Hickory Twig Way,Traffic Control Signal,Active,2019/12/18 00:00:00+00,3,30.050652,-95.437362,19602« Hickory Twig Way,
3116223.7943076,13953804.3153298,208,TCS-0209,Cypresswood Dr @ Homestead Pass Dr,Traffic Control Signal,Active,2020/01/09 00:00:00+00,3,30.068303,-95.371066,25502« Cypresswood Drive,
3117439.97986735,13952521.6827244,209,TCS-0210,Cypresswood Dr @ James C Leo Dr,Traffic Control Signal,Active,2014/11/11 00:00:00+00,3,30.064674,-95.367349,24550« Cypresswood Drive,
3098846.90944202,13947568.0092328,210,TCS-0211,Cypresswood Dr @ Lockridge Dr,Traffic Control Signal,Active,2019/12/18 00:00:00+00,3,30.052634,-95.426577,548« East Cypresswood Drive,
3005803.16803645,13920399.2194104,211,TCS-0212,Cypresswood Dr @ East Louetta Rd,Traffic Control Signal,Active,2018/07/26 00:00:00+00,3,29.98545,-95.722966,19564« East Louetta Road,
3055670.02401119,13920450.9086115,212,TCS-0213,Cypresswood Dr @ Lowe's Drwy & Kroger Drwy,Traffic Control Signal,Active,1998/08/24 00:00:00+00,3,29.981658,-95.565511,10015 Cypresswood Dr,
3127928.30239461,13942801.3819551,213,TCS-0214,Cypresswood Dr @ Lynngate Dr,Traffic Control Signal,Active,2009/01/20 00:00:00+00,3,30.037059,-95.335172,21942« Cypresswood Drive,
3124789.85165052,13944561.6605868,214,TCS-0215,Cypresswood Dr @ Maplegate Dr,Traffic Control Signal,Active,2020/01/15 00:00:00+00,3,30.042167,-95.344912,5543« Maplegate Drive,
3069435.94332969,13930323.0771874,215,TCS-0216,Cypresswood Dr @ Meyer Park Entrance,Traffic Control Signal,Active,1994/11/06 00:00:00+00,3,30.007674,-95.521121,7690« Cypresswood Drive,
3122854.96542844,13947637.5753667,216,TCS-0217,Cypresswood Dr @ Monteith Dr,Traffic Control Signal,Active,2020/01/09 00:00:00+00,3,30.050787,-95.350721,5423« Monteith Drive,
3007075.19534802,13920123.1133354,217,TCS-0218,Mueschke Rd @ Cypresswood Dr,Traffic Control Signal,Active,2009/04/04 00:00:00+00,3,29.984593,-95.718974,14404« Mueschke Road,
3073132.89197253,13932707.5451874,218,TCS-0219,Cypresswood Dr @ North Greenfield Dr,Traffic Control Signal,Active,2018/06/28 00:00:00+00,3,30.013925,-95.509221,6631« Cypresswood Drive,
2998651.8230872,13923126.6293099,219,TCS-0220,Cypresswood Dr @ Parkway Ridge Way,Traffic Control Signal,Active,2013/02/26 00:00:00+00,3,29.993496,-95.745307,,
3120455.66314045,13950787.9001028,220,TCS-0221,Cypresswood Dr @ Quailgate Dr,Traffic Control Signal,Active,2012/11/20 00:00:00+00,3,30.059651,-95.357991,23895« Cypresswood Drive,
3068354.05704203,13929754.9874443,221,TCS-0222,Cypresswood Dr @ Squyres Rd,Traffic Control Signal,Active,1994/09/21 00:00:00+00,3,30.006201,-95.524591,7802« Cypresswood Drive,
3077105.22425094,13935036.6192694,222,TCS-0223,Cypresswood Dr @ T C Jester Blvd,Traffic Control Signal,Active,2009/04/08 00:00:00+00,3,30.02,-95.496455,17518« T C Jester Blvd,
3124253.52398303,13945658.2666613,223,TCS-0224,Cypresswood Dr @ Treaschwig Rd,Traffic Control Signal,Active,2017/05/23 00:00:00+00,3,30.045227,-95.346498,5702 Treaschwig Road,
3099792.53386311,13948203.4452979,224,TCS-0225,Cypresswood Dr @ Whitewood Dr,Traffic Control Signal,Active,2019/12/19 00:00:00+00,3,30.054301,-95.423528,706« East Cypresswood Drive,
3072452.02522403,13932201.8778917,225,TCS-0226,Cypresswood Dr @ York Minster Dr,Traffic Control Signal,Active,1996/05/13 00:00:00+00,3,30.012591,-95.511419,6803« Cypresswood Drive,
3191867.20798111,13858174.7956312,226,TCS-0227,Dell Dale St @ South Silvergreen Dr,Traffic Control Signal,Active,2010/10/11 00:00:00+00,2,29.798813,-95.142032,1319« Dell Dale St,
3192022.86055695,13856987.2740561,227,TCS-0228,Dell Dale St @ Trecastle Dr,Traffic Control Signal,Active,2010/11/18 00:00:00+00,2,29.795535,-95.141665,1055« Dell Dale St,
3172716.29647987,13771321.8866602,228,TCS-0229,Dixie Farm Rd @ Blackhawk Blvd,Traffic Control Signal,Active,2008/11/13 00:00:00+00,2,29.561811,-95.211253,2800 Dixie Farm Rd,
3110860.27550711,13920542.6597404,229,TCS-0230,East Hardy Rd @ Farrell Rd,Traffic Control Signal,Active,2004/04/15 00:00:00+00,1,29.977341,-95.391258,17620« East Hardy Rd,
3111888.70094369,13916423.08399,230,TCS-0231,East Hardy Rd @ Rankin Rd,Traffic Control Signal,Active,2020/02/06 00:00:00+00,1,29.965931,-95.388413,16950 East Hardy Road,
3109158.55417302,13927348.8091858,231,TCS-0232,East Hardy Rd @ Richey Rd,Traffic Control Signal,Active,2020/02/06 00:00:00+00,1,29.996192,-95.395968,19221 East Hardy Road,
3108754.67243487,13928955.0654877,232,TCS-0233,East Hardy Rd @ W W Thorne Dr,Traffic Control Signal,Active,2019/09/05 00:00:00+00,1,30.000641,-95.397087,19604 Hardy Rd,
3099781.62640461,13954756.6267454,233,TCS-0234,East Louetta Rd @ Lexington Blvd,Traffic Control Signal,Active,1995/01/20 00:00:00+00,3,30.072313,-95.422929,20905« Lexington Road,
3202034.0127787,13766525.4421849,234,TCS-0235,East Medical Center Blvd @ Feather Craft Ln,Traffic Control Signal,Active,1992/09/01 00:00:00+00,2,29.545984,-95.11958,401 East Medical Center Blvd,
3100992.71715827,13959291.54156,235,TCS-0236,Riley Fuzzel Rd @ West Hardy Rd,Traffic Control Signal,Active,2021/04/06 00:00:00+00,3,30.084675,-95.418663,27103« West Hardy Road,
3241451.37193595,13868020.0859799,236,TCS-0237,East Wallisville Rd @ Garth Rd,Traffic Control Signal,Active,2007/02/13 00:00:00+00,2,29.821283,-94.98472,5101« East Wallisville Rd,
3225424.88824095,13866752.313253,237,TCS-0239,East Wallisville Rd @ Thompson Rd,Traffic Control Signal,Active,2021/06/02 00:00:00+00,2,29.819302,-95.035369,1507« East Wallisville Road,
3231255.64363977,13867093.5044998,238,TCS-0240,East Wallisville Rd @ Wade Rd,Traffic Control Signal,Active,2021/06/02 00:00:00+00,2,29.819695,-95.016955,2929« East Wallisville Road,
3205026.07372369,13767936.4373944,239,TCS-0241,El Camino Real @ Beechgrove Dr & West El Camino Village Dr,Traffic Control Signal,Active,1994/10/14 00:00:00+00,2,29.549589,-95.110027,17563 El Camino Real,
3203051.28567852,13768816.3421306,240,TCS-0242,El Camino Real @ Gemini Ave,Traffic Control Signal,Active,1983/05/12 00:00:00+00,2,29.552188,-95.116143,17055 El Camino Real,
3203611.50043736,13768575.9193831,241,TCS-0243,El Camino Real @ Hercules Dr & East Medical Center Blvd,Traffic Control Signal,Active,1987/09/14 00:00:00+00,2,29.551476,-95.114407,17235 El Camino Real,
3183679.4648422,13760442.5058599,242,TCS-0244,El Dorado Blvd @ Friendswood Link Rd & Blackhawk Blvd,Traffic Control Signal,Active,2009/12/02 00:00:00+00,2,29.530926,-95.177903,3702« Friendswood Link Rd,
3187310.3414387,13764206.7712973,243,TCS-0245,El Dorado Blvd @ Manowar Lane,Traffic Control Signal,Active,2010/03/18 00:00:00+00,2,29.540946,-95.166103,2296« El Dorado Blvd,
3186494.90704595,13763160.2773273,244,TCS-0246,El Dorado Blvd @ Pilgrims Point Dr,Traffic Control Signal,Active,2001/10/23 00:00:00+00,2,29.538143,-95.168774,2510« El Dorado Blvd,
3185265.25596194,13761849.5755524,245,TCS-0247,El Dorado Blvd @ Signal Hill Dr,Traffic Control Signal,Active,2009/12/02 00:00:00+00,2,29.534651,-95.172774,3703« Signal Hill Drive,
3039978.7089372,13822035.8675811,246,TCS-0248,Eldridge Pkwy @ Alief Clodine Rd,Traffic Control Signal,Active,2020/04/16 00:00:00+00,4,29.712394,-95.624026,13625« Alief Clodine Road,
3040769.0872777,13813374.8753887,247,TCS-0249,Eldridge Pkwy @ Beechnut St,Traffic Control Signal,Active,1986/10/09 00:00:00+00,4,29.688523,-95.622325,8301« Eldridge Parkway,
3040531.72882852,13811673.1688184,248,TCS-0250,Eldridge Pkwy @ Renn Rd,Traffic Control Signal,Active,2010/04/13 00:00:00+00,4,29.683864,-95.623227,13694« Renn Rd,
3039856.04185969,13827988.5449802,249,TCS-0251,Eldridge Pkwy @ Richmond Ave,Traffic Control Signal,Active,2020/12/08 00:00:00+00,4,29.728767,-95.623871,3003« Eldridge Parkway,
3097137.59822811,13922736.4772031,250,TCS-0252,Ella Blvd @ Airtex Dr & Eagle's Glide Dr,Traffic Control Signal,Active,2009/06/08 00:00:00+00,1,29.984528,-95.43437,555« Airtex Drive,
3094949.36966494,13928623.5300615,251,TCS-0253,Ella Blvd @ North Forest Blvd,Traffic Control Signal,Active,1998/06/15 00:00:00+00,1,30.000892,-95.440713,16300« Ella Blvd,
3099162.42357478,13903434.6644288,252,TCS-0254,Ella Blvd @ Pinto Business Park Dr,Traffic Control Signal,Active,2021/01/27 00:00:00+00,2,29.931306,-95.429838,10490« Ella Boulevard,
3097190.87732102,13918205.8793089,253,TCS-0255,Ella Blvd @ Rushworth Dr,Traffic Control Signal,Active,2013/12/19 00:00:00+00,1,29.972071,-95.434638,14121« Ella Boulevard,
3093843.52377953,13930185.6463598,254,TCS-0256,Ella Blvd @ Southridge Rd,Traffic Control Signal,Active,1988/09/22 00:00:00+00,1,30.005278,-95.444055,16640 Ella Boulevard,
3096445.95295785,13926827.4050449,255,TCS-0257,Ella Blvd @ West Richey Rd,Traffic Control Signal,Active,2022/02/10 00:00:00+00,1,29.99583,-95.43616,790 Richey Road,
3069640.61680485,13884905.8770114,256,TCS-0258,Fairbanks North Houston Rd @ Battleoak Dr,Traffic Control Signal,Active,1988/10/31 00:00:00+00,1,29.882822,-95.524738,7404« Fairbanks North Houston Road,
3069714.3994657,13881655.6187482,257,TCS-0259,Fairbanks North Houston Rd @ Emmott Rd,Traffic Control Signal,Active,1981/12/17 00:00:00+00,1,29.873882,-95.52481,7103« Fairbanks North Houston Road,
3069098.3357372,13900377.5931152,258,TCS-0260,Fairbanks North Houston Rd @ Fallbrook Dr,Traffic Control Signal,Active,1994/03/31 00:00:00+00,1,29.925393,-95.524998,8675« Fallbrook Drive,
3069449.71364336,13890411.1999903,259,TCS-0261,Fairbanks North Houston Rd @ Rodney Ray Blvd & Breen Dr,Traffic Control Signal,Active,1998/07/31 00:00:00+00,1,29.89797,-95.524824,8104 Fairbanks North Houston Road,
3068612.30193236,13902198.2308781,260,TCS-0262,Fairbanks North Houston Rd @ Silver Crescent Dr,Traffic Control Signal,Active,2012/10/16 00:00:00+00,1,29.930437,-95.526361,10202« Fairbanks North Houston Road,
3069424.58508469,13888622.3229906,261,TCS-0263,Fairbanks North Houston Rd @ Tami Renee Ln,Traffic Control Signal,Active,2002/08/14 00:00:00+00,1,29.893055,-95.525071,7803« Fairbanks North Houston Rd,
3069226.04578361,13895803.5222109,262,TCS-0264,Fairbanks North Houston Rd @ Taub Rd,Traffic Control Signal,Active,2018/05/08 00:00:00+00,1,29.91281,-95.525024,9030« Fairbanks North Houston Road,
3069942.7651507,13878655.8986978,263,TCS-0265,Fairbanks North Houston Rd @ West Little York Rd,Traffic Control Signal,Active,1976/12/09 00:00:00+00,1,29.865618,-95.524371,8434« West Little York Road,
3069421.11330687,13892119.8999849,264,TCS-0266,Fairbanks North Houston Rd @ West Rd,Traffic Control Signal,Active,1979/10/10 00:00:00+00,1,29.902669,-95.524754,8402« Fairbanks North Houston Road,
3230308.6904812,13806228.0845642,265,TCS-0267,Fairmont Pkwy @ 7th St & 8th St,Traffic Control Signal,Active,2020/01/08 00:00:00+00,2,29.652499,-95.02646,802« West Fairmont Parkway,
3223821.77530545,13805704.0026071,266,TCS-0268,Fairmont Pkwy @ Bay Area Blvd,Traffic Control Signal,Active,2018/04/04 00:00:00+00,2,29.651663,-95.046928,12000 Fairmont Parkway,
3217884.32851894,13805554.6456224,267,TCS-0269,Fairmont Pkwy @ Bay Park Rd,Traffic Control Signal,Active,2018/03/07 00:00:00+00,2,29.651803,-95.065627,10404« Fairmont Parkway,
3201764.39553578,13804702.3969988,268,TCS-0270,Fairmont Pkwy @ Cunningham Dr,Traffic Control Signal,Active,2018/03/07 00:00:00+00,2,29.650942,-95.116441,7850 Fairmont Parkway,
3219496.20127945,13805676.962963,269,TCS-0271,Fairmont Pkwy @ Driftwood Dr,Traffic Control Signal,Active,2018/03/22 00:00:00+00,2,29.65199,-95.060542,10944« Fairmont Parkway,
3215384.08778453,13805521.1594689,270,TCS-0272,Fairmont Pkwy @ Farrington Blvd,Traffic Control Signal,Active,2018/03/08 00:00:00+00,2,29.651942,-95.073498,10390 Fairmont Parkway,
3207645.87852344,13804901.1505383,271,TCS-0273,Fairmont Pkwy @ Genoa Red Bluff Rd & Canada Rd,Traffic Control Signal,Active,2011/09/02 00:00:00+00,2,29.65095,-95.097913,9055« Fairmont Pkwy,
3203386.47037561,13804719.933381,272,TCS-0274,Fairmont Pkwy @ Luella Blvd,Traffic Control Signal,Active,2018/02/26 00:00:00+00,2,29.650842,-95.111335,8301« Fairmont Pkwy,
3208909.91766202,13804934.2669418,273,TCS-0275,Fairmont Pkwy @ Pecan Crossing Ln & New West Dr,Traffic Control Signal,Active,2018/04/27 00:00:00+00,2,29.650925,-95.093932,3900« Fairmont Parkway,
3227398.56473978,13805986.2992866,274,TCS-0276,Fairmont Pkwy @ S 16th St,Traffic Control Signal,Active,2011/05/24 00:00:00+00,2,29.652106,-95.035643,1701« S 16th St,
3211293.53625436,13805224.2768605,275,TCS-0278,Fairmont Pkwy @ Underwood Rd,Traffic Control Signal,Active,2018/02/27 00:00:00+00,2,29.651503,-95.086401,9900 Fairmont Parkway,
3213685.30706136,13805374.6404049,276,TCS-0279,Fairmont Pkwy @ Willmont Rd & Malone Dr,Traffic Control Signal,Active,2011/11/14 00:00:00+00,2,29.651696,-95.078859,10002« Fairmont Pkwy,
3086784.43291086,13898740.5806412,277,TCS-0280,Fallbrook Dr @ Ann Louise Rd,Traffic Control Signal,Active,2012/06/13 00:00:00+00,2,29.919437,-95.469346,12830« Ann Louise Road,
3082914.07418178,13898657.7395995,278,TCS-0281,Fallbrook Dr @ Antoine Dr,Traffic Control Signal,Active,1998/04/16 00:00:00+00,1,29.91953,-95.481566,10003« Antoine Drive,
3058192.89987095,13900222.4215095,279,TCS-0282,Fallbrook Dr @ Harvest Sun Dr,Traffic Control Signal,Active,2007/01/18 00:00:00+00,3,29.925853,-95.559425,9104« Fallbrook Drive,
3081816.49993336,13898638.5506615,280,TCS-0283,Fallbrook Dr @ Northwest Park Dr,Traffic Control Signal,Active,2011/02/07 00:00:00+00,1,29.919568,-95.485031,6602« Fallbrook Drive,
3056181.54004852,13900621.3249112,281,TCS-0284,Fallbrook Dr @ Perry Rd,Traffic Control Signal,Active,2001/03/01 00:00:00+00,3,29.927112,-95.565735,9525« Fallbrook Drive,
3091599.10897702,13899089.3007443,282,TCS-0285,Fallbrook Dr @ West Butte Canyon Rd,Traffic Control Signal,Active,2011/06/16 00:00:00+00,2,29.919995,-95.454121,1950« Fallbrook Drive,
3075331.21369135,13900188.2775489,283,TCS-0286,Fallbrook Dr @ Willowood Ln,Traffic Control Signal,Active,2003/05/14 00:00:00+00,1,29.924362,-95.505348,7703« Fallbrook Drive,
3170258.81845519,13836454.0874323,284,TCS-0287,Federal Rd @ American Petroleum Rd,Traffic Control Signal,Active,2016/11/02 00:00:00+00,2,29.741055,-95.212345,2613 Federal Road,
3169908.22368394,13842503.6914748,285,TCS-0288,Federal Rd @ Old Industrial Rd (Cain Circle),Traffic Control Signal,Active,2016/11/03 00:00:00+00,2,29.757714,-95.212832,1780 Federal Road,
2987827.39526102,13853124.3267295,286,TCS-0289,Franz Rd @ Charlton House Ln,Traffic Control Signal,Active,2001/08/15 00:00:00+00,4,29.801894,-95.785566,23955« Franz Road,
2995576.64222969,13853414.2109923,287,TCS-0290,Franz Rd @ Elrod Rd,Traffic Control Signal,Active,1998/08/26 00:00:00+00,4,29.802103,-95.761116,22500« Franz Road,
2994002.3441972,13853345.5333081,288,TCS-0291,Franz Rd @ John Crump Ln,Traffic Control Signal,Active,2009/08/04 00:00:00+00,4,29.802034,-95.766084,22777« Franz Road,
2982666.25761744,13852932.2300009,289,TCS-0292,Franz Rd @ Katy Fort Bend Rd,Traffic Control Signal,Active,2004/03/09 00:00:00+00,4,29.801755,-95.80185,24955« Franz Road,
2980393.51938078,13852844.6694804,290,TCS-0293,Franz Rd @ Katy Hockley Cut-Off Rd,Traffic Control Signal,Active,2001/10/04 00:00:00+00,4,29.801685,-95.809021,5220« Franz Road,
2985488.33301003,13853037.5401577,291,TCS-0294,Franz Rd @ Porter Rd & Lakecrest Haven Dr,Traffic Control Signal,Active,2000/11/29 00:00:00+00,4,29.801832,-95.792946,24351« Porter Road,
3000498.29347561,13853546.1454397,292,TCS-0295,Franz Rd @ Primewest Pkwy,Traffic Control Signal,Active,2006/02/16 00:00:00+00,4,29.80209,-95.745592,20655« Franz Road,
3002546.79429986,13853448.2499662,293,TCS-0296,Franz Rd @ Raintree Village Dr & British International School Driveway,Traffic Control Signal,Active,2009/06/03 00:00:00+00,4,29.801664,-95.739144,20360« Franz Road,
3003771.66160078,13853236.8786698,294,TCS-0297,Franz Rd @ Westgreen Blvd,Traffic Control Signal,Active,2000/08/01 00:00:00+00,4,29.800989,-95.735302,20255« Franz Road,
3180478.17203219,13854324.6481478,295,TCS-0298,Freeport St @ Holly Park Dr,Traffic Control Signal,Active,2022/04/14 00:00:00+00,2,29.789259,-95.178319,13835« Holly Park Drive,
3187440.21781936,13759528.4227144,296,TCS-0299,Friendswood Link Rd @ Fife Ln,Traffic Control Signal,Active,1999/04/07 00:00:00+00,2,29.528075,-95.166177,2850« Friendswood Link Road,
3007575.01751111,13879670.1371548,297,TCS-0300,Fry Rd @ Arbor Creek Rd,Traffic Control Signal,Active,2005/06/22 00:00:00+00,4,29.873358,-95.720978,6665« Fry Road,
3008490.15610078,13871169.6781059,298,TCS-0301,Fry Rd @ Bear Hunters Dr & Blackwater Dr,Traffic Control Signal,Active,2007/06/05 00:00:00+00,4,29.849921,-95.718844,5451« Fry Road,
3004912.05170844,13902326.4694668,299,TCS-0302,Fry Rd @ Brazos Sage Dr,Traffic Control Signal,Active,2017/05/16 00:00:00+00,3,29.935841,-95.727377,10150« Fry Road,
3005367.05670394,13902858.34734,300,TCS-0303,Fry Rd @ Bridgeland Creek Pkwy,Traffic Control Signal,Active,2017/09/12 00:00:00+00,3,29.937268,-95.725894,10250« Fry Road,
3006622.54992786,13889988.5928959,301,TCS-0304,Fry Rd @ Chilton Bluff Blvd & Maricopa Ridge Dr,Traffic Control Signal,Active,2018/04/10 00:00:00+00,4,29.901795,-95.72307,8406« Fry Road,
3008493.78470245,13873006.5481199,302,TCS-0305,Fry Rd @ Coldfield Dr,Traffic Control Signal,Active,2016/08/04 00:00:00+00,4,29.85497,-95.71867,5801« Fry Road,
3004686.28509961,13900033.6866508,303,TCS-0306,Fry Rd @ Cypress Plaza Pkwy,Traffic Control Signal,Active,2017/05/16 00:00:00+00,3,29.929556,-95.728292,9858« Fry Road,
3008686.59402812,13854096.5501788,304,TCS-0307,Fry Rd @ Franz Rd,Traffic Control Signal,Active,2008/06/18 00:00:00+00,4,29.802974,-95.719735,2445« Franz Road,
3006877.98117553,13880490.2240974,305,TCS-0308,Fry Rd @ High Stone Ln,Traffic Control Signal,Active,2016/10/18 00:00:00+00,4,29.875666,-95.723104,6943« High Stone Lane,
3008407.48402202,13869674.3726976,306,TCS-0309,Fry Rd @ Kieth Harrow Blvd,Traffic Control Signal,Active,2003/06/05 00:00:00+00,4,29.845817,-95.719237,5203« Fry Road,
3007992.92809261,13888277.9047162,307,TCS-0310,Fry Rd @ Longenbaugh Rd,Traffic Control Signal,Active,2008/08/07 00:00:00+00,4,29.896987,-95.718898,8050« Fry Road,
3004839.74968769,13895160.9342572,308,TCS-0311,Fry Rd @ Miramesa Dr,Traffic Control Signal,Active,2016/03/17 00:00:00+00,3,29.91615,-95.728238,9202« Fry Road,
3008436.45115569,13861836.6783993,309,TCS-0312,Fry Rd @ Misty Cove Dr,Traffic Control Signal,Active,1996/09/05 00:00:00+00,4,29.82427,-95.719839,19954« Misty Cove Drive,
3005557.53532562,13891834.479624,310,TCS-0313,Fry Rd @ Morrison Grove Dr,Traffic Control Signal,Active,2021/07/22 00:00:00+00,4,29.906951,-95.726267,20502« Morrison Grove Drive,
3008356.58648603,13858385.0314312,311,TCS-0314,Fry Rd @ Morton Rd,Traffic Control Signal,Active,1999/05/20 00:00:00+00,4,29.814788,-95.720396,3102« Fry Road,
3012375.56434044,13913756.8560548,312,TCS-0315,Fry Rd @ Mound Rd,Traffic Control Signal,Active,2006/11/02 00:00:00+00,3,29.966684,-95.702805,12902« Fry Road,
3007828.30079719,13904802.3700268,313,TCS-0316,Fry Rd @ North Bridgeland Lake Pkwy & Cypress North Houston Rd,Traffic Control Signal,Active,2008/08/27 00:00:00+00,3,29.942422,-95.717954,10802« Fry Road,
3009065.75960836,13849358.3749439,314,TCS-0317,Fry Rd @ Park Row,Traffic Control Signal,Active,1985/04/01 00:00:00+00,4,29.78992,-95.718959,1655« Fry Road,
3008290.81299552,13874261.7447564,315,TCS-0318,Fry Rd @ Plantation Grove Trail,Traffic Control Signal,Active,2008/03/12 00:00:00+00,4,29.858436,-95.719199,5911« Fry Road,
3008236.09263253,13885916.0718414,316,TCS-0319,Fry Rd @ Rustic Lake Ln,Traffic Control Signal,Active,2007/08/07 00:00:00+00,4,29.890476,-95.71834,20303« Rustic Lake Lane,
3008937.7178697,13853141.0268274,317,TCS-0320,Fry Rd @ Saums Rd,Traffic Control Signal,Active,1983/05/11 00:00:00+00,4,29.800328,-95.719028,2259« Fry Rd,
3007809.15286961,13876488.4469959,318,TCS-0321,Fry Rd @ Stockton Falls Dr & Cannon Fire Dr,Traffic Control Signal,Active,2018/02/15 00:00:00+00,4,29.864594,-95.720521,6201« Fry Road,
3008366.49066569,13856946.1799782,319,TCS-0322,Fry Rd @ Sun Glen Blvd & Creek Bend Trail,Traffic Control Signal,Active,1998/03/05 00:00:00+00,4,29.810832,-95.720492,2902« Fry Road,
3011965.08254986,13907203.0282832,320,TCS-0323,Fry Rd @ Sunny Springs Ln,Traffic Control Signal,Active,2015/04/07 00:00:00+00,3,29.948701,-95.704684,11818« Fry Rd,
3006648.11680587,13883273.6965488,321,TCS-0324,Fry Rd @ Tealbrook Dr,Traffic Control Signal,Active,2015/05/18 00:00:00+00,4,29.883335,-95.723583,7200« Fry Rd,
3004718.49074386,13898894.0859116,322,TCS-0325,Fry Rd @ Tuckerton Rd,Traffic Control Signal,Active,2011/06/08 00:00:00+00,3,29.926421,-95.728291,9072« Fry Road,
3009031.92240569,13850258.8764237,323,TCS-0326,Fry Rd @ Village Chase Center,Traffic Control Signal,Active,1998/05/13 00:00:00+00,4,29.792398,-95.718986,1751« Fry Road,
3009085.53155044,13848699.0301339,324,TCS-0327,Fry Rd @ WalMart & Home Depot Drwy,Traffic Control Signal,Active,1999/10/27 00:00:00+00,4,29.788106,-95.718955,1265« Fry Road,
3005452.37739944,13893631.9537193,325,TCS-0328,Fry Rd @ Miramesa Town Center,Traffic Control Signal,Active,2017/03/14 00:00:00+00,3,29.9119,-95.72644,8914« Fry Road,
3006477.97049262,13903727.6638429,326,TCS-0329,Fry Rd @ Warner Smith Blvd & Lakeland Village Center Blvd,Traffic Control Signal,Active,2008/12/18 00:00:00+00,3,29.939572,-95.722311,10700« Fry Road,
3007890.5900427,13875280.7673247,327,TCS-0330,Fry Rd @ West Little York Rd,Traffic Control Signal,Active,2001/02/05 00:00:00+00,4,29.861268,-95.720371,6080« Fry Road,
3005554.02450585,13892955.9593364,328,TCS-0331,Fry Rd @ West Rd,Traffic Control Signal,Active,2016/09/08 00:00:00+00,3,29.910034,-95.726179,8801« Fry Road,
3008408.64445278,13855499.8675821,329,TCS-0332,Fry Rd @ Westlake Place Dr,Traffic Control Signal,Active,2000/11/15 00:00:00+00,4,29.806853,-95.720487,2634« Fry Road,
3009588.98395561,13905387.7126881,330,TCS-0333,Fry Rd @ Wheaton Crest Ln & Durango Falls Ln,Traffic Control Signal,Active,2012/04/05 00:00:00+00,3,29.943895,-95.712345,11120« Fry Rd,
3008554.80295311,13868402.7039811,331,TCS-0334,Fry Rd @ Windystone Dr,Traffic Control Signal,Active,2007/06/05 00:00:00+00,4,29.84231,-95.718885,4949« Fry Road,
3008995.41132386,13851367.7511744,332,TCS-0335,Fry Rd @ Younglake Blvd,Traffic Control Signal,Active,1997/07/23 00:00:00+00,4,29.795449,-95.719003,1995« Fry Road,
3242095.78567336,13864639.8079636,333,TCS-0336,Garth Rd @ Seabird St,Traffic Control Signal,Active,2015/08/26 00:00:00+00,2,29.811932,-94.983055,7626« Garth Road,
3241714.42882453,13866661.3869257,334,TCS-0337,Garth Rd @ Spring Park Dr & Stone Bridge Dr,Traffic Control Signal,Active,2013/06/07 00:00:00+00,2,29.817524,-94.984038,8127« Garth Road,
3095391.76641795,13908690.1171725,335,TCS-0338,Gears Rd @ Greensmark Dr,Traffic Control Signal,Active,2005/08/26 00:00:00+00,1,29.946067,-95.441232,1301 Gears Road,
3090416.05753736,13908489.8803683,336,TCS-0339,Gears Rd @ Reliant Energy Drway,Traffic Control Signal,Active,2001/06/12 00:00:00+00,1,29.945932,-95.456955,2250« Gears Road,
3096976.19960077,13908756.5707798,337,TCS-0340,Gears Rd @ Spears Gears Rd,Traffic Control Signal,Active,2005/08/26 00:00:00+00,1,29.946117,-95.436225,1200 Gears Road,
3094278.70926087,13908647.5217853,338,TCS-0341,Gears Rd @ Greens Pkwy & Trickey Rd,Traffic Control Signal,Active,1986/10/07 00:00:00+00,1,29.946043,-95.444749,1502« Greens Parkway,
3087993.71887811,13908386.7188292,339,TCS-0342,Gears Rd @ Walters Rd,Traffic Control Signal,Active,2001/06/12 00:00:00+00,1,29.94585,-95.46461,2970« Gears Rd,
3201186.54301694,13768117.3966781,340,TCS-0343,Gemini Ave @ Feather Craft Ln,Traffic Control Signal,Active,1989/05/01 00:00:00+00,2,29.550437,-95.122078,16902« Feathercraft Lane,
3200421.93595035,13767787.5279153,341,TCS-0344,Gemini Ave @ Rockwell Plant,Traffic Control Signal,Active,1990/11/14 00:00:00+00,2,29.5496,-95.124516,557« Gemini Avenue,
3181545.49404453,13796568.1658919,342,TCS-0345,Genoa Red Bluff Rd @ Burke Rd,Traffic Control Signal,Active,2000/08/09 00:00:00+00,2,29.630415,-95.180901,1101« Genoa Red Bluff Road,
3204706.57042569,13798983.767688,343,TCS-0346,Genoa Red Bluff Rd @ Red Bluff Rd,Traffic Control Signal,Active,1999/08/19 00:00:00+00,2,29.634955,-95.107782,8450« Red Bluff Road,
3193646.21492177,13797253.2183276,344,TCS-0347,Genoa Red Bluff Rd @ Space Center Blvd,Traffic Control Signal,Active,2001/09/28 00:00:00+00,2,29.631206,-95.14276,3406« Genoa Red Bluff Road,
3179469.92437677,13795739.6810004,345,TCS-0348,Genoa Red Bluff Rd @ Strawberry Rd,Traffic Control Signal,Active,2010/02/24 00:00:00+00,2,29.628324,-95.187516,591« Genoa Red Bluff Rd,
3063720.44688669,13887773.9966033,346,TCS-0349,Gessner Rd @ Mauna Loa Ln,Traffic Control Signal,Active,1994/07/13 00:00:00+00,1,29.891188,-95.543144,8302« Gessner Road,
3064394.58038095,13885871.57029,347,TCS-0350,Gessner Rd @ Philippine St,Traffic Control Signal,Active,1994/09/26 00:00:00+00,1,29.885904,-95.541195,7702« Gessner Road,
3064629.42603986,13883088.1126024,348,TCS-0351,Gessner Rd @ West Gulf Bank Rd,Traffic Control Signal,Active,2008/10/30 00:00:00+00,1,29.878234,-95.540714,9518« West Gulf Bank Road,
3063522.58934277,13891989.4261645,349,TCS-0352,Gessner Rd @ West Rd,Traffic Control Signal,Construction,2010/01/21 00:00:00+00,1,29.902791,-95.543375,8950« Gessner Road,
3073147.18885994,13978853.2576859,350,TCS-0353,Gosling Rd @ Creekside Forest Dr,Traffic Control Signal,Active,2011/04/21 00:00:00+00,3,30.140755,-95.504819,25855« Gosling Road,
3072934.78606953,13973960.850804,351,TCS-0354,Gosling Rd @ West Rayford Rd,Traffic Control Signal,Active,2012/08/16 00:00:00+00,3,30.127326,-95.505953,5703« West Rayford Road,
3051170.75052944,13915042.9640469,352,TCS-0355,Grant Rd @ Balcrest Dr & Copeland Dr,Traffic Control Signal,Active,1979/07/12 00:00:00+00,3,29.967156,-95.580216,10702 Grant Road,
3054081.32016762,13915213.3439554,353,TCS-0356,Grant Rd @ Canyon Rose Dr,Traffic Control Signal,Active,2009/06/03 00:00:00+00,3,29.96739,-95.571012,10150« Grant Rd,
3043909.60232212,13918428.3109507,354,TCS-0357,Grant Rd @ Cedar Point Dr,Traffic Control Signal,Active,2018/12/18 00:00:00+00,3,29.977043,-95.602828,13635« Cedar Point Drive,
3041763.27131294,13920398.2709215,355,TCS-0358,Grant Rd @ Cypresswood Dr,Traffic Control Signal,Active,2019/02/14 00:00:00+00,3,29.982629,-95.609424,12341« Grant Road,
3044679.68017827,13917728.1604481,356,TCS-0359,Grant Rd @ Lakewood Forest Dr,Traffic Control Signal,Active,1983/03/03 00:00:00+00,3,29.975057,-95.600461,11902 Grant Road,
3037182.21945144,13924676.2141373,357,TCS-0360,Grant Rd @ Louetta Rd,Traffic Control Signal,Active,2018/11/06 00:00:00+00,3,29.994752,-95.623498,13210 Grant Road,
3039746.31734161,13922261.1343218,358,TCS-0361,Grant Rd @ Malcomson Rd & Kluge Rd,Traffic Control Signal,Active,2018/12/03 00:00:00+00,3,29.98791,-95.615622,12655« Grant Road,
3056312.10606036,13915135.1292168,359,TCS-0362,Grant Rd @ Perry Rd,Traffic Control Signal,Active,1986/12/16 00:00:00+00,3,29.966995,-95.563977,9802« Grant Road,
3013787.31709436,13867777.9532621,360,TCS-0363,Greenhouse Rd @ Cardinal Lake Rd,Traffic Control Signal,Active,2013/05/14 00:00:00+00,4,29.840188,-95.702442,4802« Greenhouse Rd,
3013634.22717744,13870057.5021807,361,TCS-0364,Greenhouse Rd @ Kieth Harrow Blvd,Traffic Control Signal,Active,2009/04/03 00:00:00+00,4,29.846466,-95.702722,4851« Greenhouse Road,
3012575.18467611,13887591.8788573,362,TCS-0365,Greenhouse Rd @ Longenbaugh Dr,Traffic Control Signal,Active,2010/08/24 00:00:00+00,4,29.894747,-95.704503,8150« Greenhouse Rd,
3013133.85613094,13849612.0867068,363,TCS-0366,Greenhouse Rd @ Park Row,Traffic Control Signal,Active,2009/06/01 00:00:00+00,4,29.790303,-95.706116,19203« Park Row,
3013042.01937236,13884031.1267924,364,TCS-0367,Greenhouse Rd @ Redwing Knoll Dr,Traffic Control Signal,Active,2016/11/22 00:00:00+00,4,29.884923,-95.703347,7300« Greenhouse Road,
3013647.67334478,13855101.8749398,365,TCS-0368,Greenhouse Rd @ Spanish Needle Dr,Traffic Control Signal,Active,2004/04/05 00:00:00+00,4,29.805354,-95.704009,2701« Greenhouse Rd,
3012597.00385819,13897993.4302326,366,TCS-0369,Greenhouse Rd @ Tuckerton Rd,Traffic Control Signal,Active,2014/05/22 00:00:00+00,3,29.923337,-95.703509,19375« Tuckerton Rd,
3012974.4460167,13885719.4075366,367,TCS-0370,Greenhouse Rd @ Yaupon Ranch Dr,Traffic Control Signal,Active,2016/12/08 00:00:00+00,4,29.889569,-95.70341,19506« Yaupon Ranch Drive,
3119952.38691603,13911400.3797966,368,TCS-0371,Greens Rd @ Waverly Dr,Traffic Control Signal,Active,2007/02/27 00:00:00+00,1,29.951439,-95.363452,2002« Greens Road,
3106362.92984302,13888208.3861544,369,TCS-0372,Gulf Bank Rd @ Sweetwater Ln,Traffic Control Signal,Active,2015/06/29 00:00:00+00,2,29.888849,-95.408592,9000« Sweetwater Lane,
3102790.03771061,13960454.9152175,370,TCS-0373,Hardy Toll Rd @ Riley Fuzzell Rd & Thornfield Rd,Traffic Control Signal,Active,2017/02/09 00:00:00+00,3,30.087721,-95.41287,411« Riley Fuzzel Road,
3114556.49153987,13916338.2278605,371,TCS-0375,Hardy Tollroad @ Rankin Rd,Traffic Control Signal,Active,1988/02/26 00:00:00+00,1,29.965471,-95.38,16951 Rankin Road,
3108876.45893669,13927315.3735571,372,TCS-0376,Hardy Tollroad @ Richey Rd,Traffic Control Signal,Active,1988/02/26 00:00:00+00,1,29.996124,-95.396862,18951« Hardy Road,
3095954.53760211,13966787.3956628,373,TCS-0377,Hardy Tollroad Frontage @ Springwoods Village Pkwy,Traffic Control Signal,Active,2016/05/04 00:00:00+00,3,30.1057,-95.433863,28602« Hardy Toll Road,
3003579.39262836,13838115.3974299,374,TCS-0378,Highland Knolls Dr @ Park Brush Ln,Traffic Control Signal,Active,2001/10/04 00:00:00+00,4,29.759436,-95.737238,21302« Park Brush Lane,
3000995.75442295,13837760.7350814,375,TCS-0379,Highland Knolls Dr @ Park Maple Dr,Traffic Control Signal,Active,2006/02/16 00:00:00+00,4,29.758659,-95.745409,21634« Highland Knolls Dr,
2994283.37644352,13837309.3068504,376,TCS-0380,Highland Knolls Dr @ South Peek Rd,Traffic Control Signal,Active,2004/03/15 00:00:00+00,4,29.75793,-95.766596,1601« South Peek Road,
3040291.57674977,13951046.2965676,377,TCS-0381,Holderrieth Rd @ South Cherry St,Traffic Control Signal,Design,,3,30.066986,-95.611266,12636« Holderrieth Road,
3073690.5624451,13911769.4315519,378,TCS-0382,Hollister St @ Bourgeois Rd,Traffic Control Signal,Active,2010/07/14 00:00:00+00,1,29.956329,-95.509434,6137« Bourgeois Rd.,
3074394.74509186,13910552.7473055,379,TCS-0383,Hollister St @ Brittany Park Dr,Traffic Control Signal,Active,2010/07/14 00:00:00+00,1,29.952927,-95.507326,6300« Brittany Park Ln.,
3070717.01196177,13916141.2020078,380,TCS-0384,Hollister St @ Theall Rd,Traffic Control Signal,Active,2013/04/15 00:00:00+00,1,29.968589,-95.518409,61452« Hollister Street,
3091043.7032637,13961790.8013253,381,TCS-0385,Holzwarth Rd @ East Mossy Oaks Rd,Traffic Control Signal,Active,2014/01/23 00:00:00+00,3,30.092378,-95.449866,,
3095168.3997387,13949904.0350726,382,TCS-0386,Holzwarth Rd @ Meadowedge Ln,Traffic Control Signal,Active,2009/06/06 00:00:00+00,3,30.059363,-95.437974,1550« Meadowedge Ln,
3140345.65551262,13893084.8429369,383,TCS-0387,Homestead Rd @ Winfield Rd,Traffic Control Signal,Active,,1,29.89934,-95.300917,12102« Homestead Road,
3129596.15306152,13885528.6687448,384,TCS-0388,Hopper Rd @ Bentley Rd,Traffic Control Signal,Active,1979/09/25 00:00:00+00,2,29.879502,-95.335574,3320 Hopper Road,
3128341.76121336,13885521.389888,385,TCS-0389,Hopper Rd @ Foy Ln,Traffic Control Signal,Active,1980/06/25 00:00:00+00,2,29.87959,-95.339531,11226 Foy Lane,
3125330.9138886,13885400.3215606,386,TCS-0390,Hopper Rd @ Seven Mile Ln,Traffic Control Signal,Active,2017/01/11 00:00:00+00,2,29.879516,-95.349039,2327« Hopper Road,
3036946.43514611,13813880.1535776,387,TCS-0391,Howell Sugarland Rd @ Beechnut St,Traffic Control Signal,Active,2001/10/03 00:00:00+00,4,29.690215,-95.634314,7630« Howell Sugarland,
3036867.47434603,13816038.3667808,388,TCS-0392,Howell Sugarland Rd @ Empanada Dr,Traffic Control Signal,Active,2001/10/03 00:00:00+00,4,29.696154,-95.634367,7430« Howell Sugarland Rd,
3036914.18061744,13814912.3582061,389,TCS-0393,Howell Sugarland Rd @ Pavillion Point,Traffic Control Signal,Active,2001/10/03 00:00:00+00,4,29.693055,-95.634322,7530« Howell Sugarland,
3037041.72760645,13811507.7843066,390,TCS-0394,Howell Sugarland Rd @ Renn Rd,Traffic Control Signal,Active,2017/04/19 00:00:00+00,4,29.683686,-95.634229,13945« Renn Road,
3036713.37262011,13820409.8439303,391,TCS-0395,Howell Sugarland Rd @ Rio Bonito Rd,Traffic Control Signal,Active,2002/04/23 00:00:00+00,4,29.708183,-95.634456,6502« Howell Sugarland Rd,
3035554.94285037,13894840.6307639,392,TCS-0396,Huffmeister Rd @ Copper Grove Blvd,Traffic Control Signal,Active,2012/03/07 00:00:00+00,3,29.912872,-95.631351,9351« Huffmeister Road,
3035975.4295422,13906605.4786253,393,TCS-0397,Huffmeister Rd @ Cypress Corner Ln,Traffic Control Signal,Active,1997/09/30 00:00:00+00,3,29.945177,-95.628954,11721« Huffmeister Rd,
3035936.12450269,13907419.2739137,394,TCS-0398,Huffmeister Rd @ Cypress North Houston Rd,Traffic Control Signal,Active,1985/03/26 00:00:00+00,3,29.947417,-95.629004,13842 Cypress North Houston Road,
3013451.29250394,13924884.7366861,395,TCS-0399,Cypress Rose Hill Rd @ Huffmeister Rd,Traffic Control Signal,Active,2010/02/09 00:00:00+00,3,29.997188,-95.698417,17960« Huffmeister Rd,
3036088.58121878,13904175.6002829,396,TCS-0400,Huffmeister Rd @ Fleur De Lis Blvd,Traffic Control Signal,Active,1983/04/20 00:00:00+00,3,29.938489,-95.628818,11295 Huffmeister Road,
3036318.9111387,13897890.9537315,397,TCS-0401,Huffmeister Rd @ Hempstead Hwy,Traffic Control Signal,Active,2020/12/23 00:00:00+00,3,29.921196,-95.628663,20630 Hempstead Rd,
3032397.39798436,13915336.4703496,398,TCS-0402,Huffmeister Rd @ Kluge Rd & Blossomheath Rd,Traffic Control Signal,Active,1994/01/14 00:00:00+00,3,29.969459,-95.639455,13711« Huffmeister Rd,
3035995.27300644,13906202.9521994,399,TCS-0403,Huffmeister Rd @ Meisterwood Dr,Traffic Control Signal,Active,1999/02/03 00:00:00+00,3,29.944069,-95.628928,11607« Huffmeister Rd,
3035232.82013503,13910759.8610645,400,TCS-0404,Huffmeister Rd @ Ravensway Dr,Traffic Control Signal,Active,1991/02/14 00:00:00+00,3,29.956655,-95.63092,12632 Huffmeister Road,
3016888.72723012,13924382.0424815,401,TCS-0405,Huffmeister Rd @ Skinner Rd,Traffic Control Signal,Active,2012/07/10 00:00:00+00,3,29.995539,-95.687607,,
3035932.27017969,13896374.0220541,402,TCS-0406,Huffmeister Rd @ Tuckerton Rd,Traffic Control Signal,Active,2008/07/29 00:00:00+00,3,29.917057,-95.630021,9535« Huffmeister Road,
3036727.02515186,13890377.0891661,403,TCS-0407,Huffmeister Rd @ West Rd,Traffic Control Signal,Active,2018/09/26 00:00:00+00,3,29.90051,-95.628059,8503« Huffmeister Road,
3034913.57602286,13912857.1163844,404,TCS-0408,Huffmeister Rd @ Whispering Valley Dr,Traffic Control Signal,Active,2009/02/12 00:00:00+00,3,29.962445,-95.631737,13018« Huffmeister Rd,
3036221.13410328,13901468.7034658,405,TCS-0409,Huffmeister Rd @ White Oak Landing Dr & White Oak Springs Dr,Traffic Control Signal,Active,1991/03/20 00:00:00+00,3,29.931038,-95.628646,10800« Huffmeister Road,
3036139.10178703,13897444.4749657,406,TCS-0410,Huffmeister Rd @ White Oak Ridge Dr,Traffic Control Signal,Active,2015/08/05 00:00:00+00,3,29.919983,-95.629271,9855« Huffmeister Road,
3036305.49942011,13900070.4854617,407,TCS-0411,Huffmeister Rd @ Wimbledon Oaks Dr,Traffic Control Signal,Active,1987/08/05 00:00:00+00,3,29.927188,-95.628507,10357 Huffmeister Road,
3029361.01527761,13918019.7271222,408,TCS-0412,Huffmeister Rd @ Windshire Dr,Traffic Control Signal,Active,2008/11/19 00:00:00+00,3,29.977074,-95.648798,14426« Huffmeister Road,
3047003.82349586,13944866.5038091,409,TCS-0413,Hufsmith Kohrville Rd @ Fountain Bend Dr,Traffic Control Signal,Active,2013/03/05 00:00:00+00,3,30.049464,-95.590625,19750« Hufsmith Korhville Road,
3047267.87644544,13952132.8901949,410,TCS-0414,Hufsmith Kohrville Rd @ Holderrieth Rd,Traffic Control Signal,Active,2018/01/24 00:00:00+00,3,30.069415,-95.589121,20955« Hufsmith Kohrville Road,
3047862.71777545,13940325.9374309,411,TCS-0415,Hufsmith Kohrville Rd @ Lacey Rd,Traffic Control Signal,Design,,3,30.036915,-95.58833,11307« Lacey Road,
3045474.37018995,13959645.3223485,412,TCS-0416,Hufsmith Kohrville Rd @ Mahaffey Rd,Traffic Control Signal,Active,2019/02/26 00:00:00+00,3,30.090207,-95.594097,22526« Hufsmith Kohrville Road,
3047209.86311002,13941502.4147368,413,TCS-0417,Hufsmith Kohrville Rd @ Northpointe Blvd,Traffic Control Signal,Design,,3,30.040201,-95.590284,,
3047266.93648669,13953249.8121737,414,TCS-0418,Hufsmith Kohrville Rd @ Spell Rd,Traffic Control Signal,Active,2018/02/08 00:00:00+00,3,30.072485,-95.589021,21203« Hufsmith Kohrville Road,
3046900.22298127,13943382.7197032,415,TCS-0419,Hufsmith Kohrville Rd @ Woodland Shore Dr,Traffic Control Signal,Design,,3,30.045394,-95.591089,19419« Hufsmith Kohrville Road,
3051235.00532219,13974348.3857901,416,TCS-0420,Hufsmith Rd @ Burroughs Park Entrance,Traffic Control Signal,Active,2022/07/26 00:00:00+00,3,30.130156,-95.574528,9901« Hufsmith Road,
3052150.3716017,13974442.1618493,417,TCS-0421,Hufsmith Rd @ Creekside Forest Dr & Stonebridge Pl,Traffic Control Signal,Active,2018/04/24 00:00:00+00,3,30.13034,-95.571625,10795« Creekside Forest Drive,
3035487.43150245,13848303.7622237,418,TCS-0422,IH10 Managed Lanes at Addicks Park & Ride T-Ramp,Traffic Control Signal,Active,,,29.784957,-95.635789,14120« IH10 Frontage Road,
3104734.58270603,13922461.7658103,419,TCS-0423,Imperial Valley Dr @ East Airtex Dr,Traffic Control Signal,Active,2013/03/12 00:00:00+00,1,29.983134,-95.410411,742« E Airtex Dr,
3105437.37854452,13927411.1095861,420,TCS-0424,Imperial Valley Dr @ East Richey Rd,Traffic Control Signal,Active,1988/10/18 00:00:00+00,1,29.996678,-95.407712,1201 East Richey Road,
3107504.08897802,13916297.3585197,421,TCS-0425,Imperial Valley Dr @ Rankin Rd,Traffic Control Signal,Active,1988/06/16 00:00:00+00,1,29.965957,-95.402266,7301« Rankin Road,
3105496.31280985,13919884.8529851,422,TCS-0426,Imperial Valley Dr @ Remington Valley Dr & Fairview Park Dr,Traffic Control Signal,Active,2011/12/09 00:00:00+00,1,29.975987,-95.408256,19402« Imperial Valley Dr,
3209315.37157553,13832375.9899454,423,TCS-0427,Independence Pkwy South @ Miller Cutoff Rd,Traffic Control Signal,Active,,2,29.726312,-95.089768,1820« Independence Pkwy,
3174988.77192178,13842737.7457967,424,TCS-0428,Industrial Rd @ Sheffield Dr & Miles St,Traffic Control Signal,Active,2019/11/26 00:00:00+00,2,29.757904,-95.196804,12905 Industrial Road,
3190808.60806419,13842354.5457757,425,TCS-0429,Jacintoport Blvd @ BW8 SBFR,Traffic Control Signal,Active,2014/10/23 00:00:00+00,2,29.755427,-95.147011,15015« Jacintoport Blvd,
3017320.33824353,13913396.0362384,426,TCS-0430,Jarvis Rd @ Skinner Rd,Traffic Control Signal,Active,2007/12/19 00:00:00+00,3,29.965308,-95.687227,13228 Skinner Rd,
3130545.56192386,13897104.5566823,427,TCS-0431,John F Kennedy Blvd @ Lauder Rd,Traffic Control Signal,Active,2021/01/28 00:00:00+00,2,29.911237,-95.331434,4230« Lauder Road,
3049886.63072236,13916233.2995927,428,TCS-0432,Jones Rd @ Archmont Dr,Traffic Control Signal,Active,2002/08/30 00:00:00+00,3,29.970531,-95.58416,13448« Jones Road,
3049790.76477236,13909700.7772247,429,TCS-0433,Jones Rd @ Cypress North Houston Rd,Traffic Control Signal,Active,1978/12/27 00:00:00+00,3,29.952583,-95.585065,12255 Jones Road,
3049943.88520102,13918425.8657456,430,TCS-0434,Jones Rd @ Cypresswood Dr,Traffic Control Signal,Active,1995/01/26 00:00:00+00,3,29.976553,-95.583777,10902« Cypresswood Dr,
3049991.93464561,13917160.8295618,431,TCS-0435,Jones Rd @ Dunbrook Dr,Traffic Control Signal,Active,2002/08/30 00:00:00+00,3,29.973072,-95.583742,13720« Jones Road,
3050174.23021278,13899534.0157341,432,TCS-0436,Jones Rd @ Fallbrook Dr,Traffic Control Signal,Active,1985/05/14 00:00:00+00,3,29.924607,-95.584792,10502« Jones Road,
3050448.11352327,13893239.4105412,433,TCS-0437,Jones Rd @ Gold Point Dr,Traffic Control Signal,Active,2001/12/05 00:00:00+00,3,29.907283,-95.584508,9204« Jones Rd,
3049583.34753628,13914915.0728984,434,TCS-0438,Jones Rd @ Grant Rd,Traffic Control Signal,Active,1976/12/17 00:00:00+00,3,29.966932,-95.585239,10902 Grant Road,
3049892.19534378,13907735.8815482,435,TCS-0439,Jones Rd @ Greencreek Dr,Traffic Control Signal,Active,1998/09/07 00:00:00+00,3,29.947174,-95.584926,11910« Jones Rd,
3048396.0976142,13921363.2319181,436,TCS-0440,Jones Rd @ Lakewood Crossing Blvd,Traffic Control Signal,Active,2012/10/11 00:00:00+00,3,29.984751,-95.588393,14703« Jones Rd,
3048539.70034537,13925742.6828049,437,TCS-0441,Jones Rd @ Louetta Rd,Traffic Control Signal,Active,1995/04/06 00:00:00+00,3,29.996777,-95.587536,10902« Jones Road,
3049755.95677111,13910512.8812435,438,TCS-0442,Jones Rd @ Millridge North Dr,Traffic Control Signal,Active,1984/09/19 00:00:00+00,3,29.954818,-95.5851,12400« Jones Road,
3049676.67248087,13912858.6137568,439,TCS-0443,Jones Rd @ Mills Rd,Traffic Control Signal,Active,1978/12/14 00:00:00+00,3,29.961272,-95.585134,12854« Jones Road,
3049633.37794803,13913581.7015494,440,TCS-0444,Jones Rd @ Regency Green Dr,Traffic Control Signal,Active,1984/11/01 00:00:00+00,3,29.963263,-95.585204,13102« Jones Road,
3050531.87483869,13889992.3399356,441,TCS-0445,Jones Rd @ Seattle Slew Dr & Jersey Meadows Dr,Traffic Control Signal,Active,2005/08/04 00:00:00+00,3,29.898351,-95.584543,8555« Jones Road,
3050476.21057995,13892277.5988165,442,TCS-0446,Jones Rd @ Steeplepark Dr,Traffic Control Signal,Active,2001/12/05 00:00:00+00,3,29.904637,-95.584508,9011« Jones Road,
3050316.35492852,13896241.7007964,443,TCS-0447,Jones Rd @ Steepleway Blvd,Traffic Control Signal,Active,1985/07/18 00:00:00+00,3,29.915546,-95.584647,9724 Jones Road,
3049985.98682286,13904904.5328802,444,TCS-0448,Jones Rd @ Tower Oaks Blvd,Traffic Control Signal,Active,1984/11/05 00:00:00+00,3,29.939384,-95.584891,11402« Jones Road,
3050264.02235603,13897273.7502415,445,TCS-0449,Jones Rd @ Trail Ridge Dr,Traffic Control Signal,Active,2005/08/04 00:00:00+00,3,29.918387,-95.584717,9919« Jones Road,
3050666.60389994,13888028.0889429,446,TCS-0450,Jones Rd @ Village Green Dr,Traffic Control Signal,Active,1998/11/05 00:00:00+00,3,29.892941,-95.584299,8150« Jones Rd,
3050407.16970752,13894261.2395343,447,TCS-0451,Jones Rd @ West Rd,Traffic Control Signal,Active,1983/08/16 00:00:00+00,3,29.910095,-95.584543,9466« Jones Road,
3049931.87899144,13906756.9327187,448,TCS-0452,Jones Rd @ Woodedge Dr,Traffic Control Signal,Active,1980/12/04 00:00:00+00,3,29.94448,-95.584891,11675 Jones Road,
2982767.05630036,13850198.3053506,449,TCS-0453,Katy Fort Bend Rd @ Colonial Pkwy & Morrison Blvd,Traffic Control Signal,Active,2013/08/19 00:00:00+00,4,29.794232,-95.801768,1502« Katy Fort Bend Road,
2982914.31322369,13845244.0901934,450,TCS-0454,Katy Fort Bend Rd @ Katy Mills Dr,Traffic Control Signal,Active,2009/05/15 00:00:00+00,4,29.780602,-95.801731,723« Katy Fort Bend Road,
2982896.69055553,13845818.7343854,451,TCS-0455,Katy Fort Bend Rd @ Market Place Dr,Traffic Control Signal,Active,2009/05/15 00:00:00+00,4,29.782183,-95.801737,803« aty Fort Bend Road,
2979839.38663077,13890046.506822,452,TCS-0456,Katy Hockley Cut-Off Rd @ West Rd & Katy Hockley Rd,Traffic Control Signal,Active,2017/08/24 00:00:00+00,4,29.903991,-95.807566,8825« Katy Hockley Cut Off Road,
3028883.27082628,13871421.6300299,453,TCS-0457,Kieth Harrow Blvd @ Cairnleigh Dr,Traffic Control Signal,Active,2000/10/02 00:00:00+00,4,29.849025,-95.654516,16642« Kieth Harrow Boulevard,
3026336.00754811,13871323.7296351,454,TCS-0458,Kieth Harrow Blvd @ Cairnvillage Dr,Traffic Control Signal,Active,2000/10/02 00:00:00+00,4,29.848956,-95.662557,17035« Kieth Harrow Boulevard,
3027745.38957186,13871366.5333553,455,TCS-0459,Kieth Harrow Blvd @ Gretna Green Dr,Traffic Control Signal,Active,2011/07/21 00:00:00+00,4,29.848963,-95.658109,17003« Kieth Harrow Boulevard,
3024514.25758269,13871351.079646,456,TCS-0460,Kieth Harrow Blvd @ Queenston Blvd,Traffic Control Signal,Active,2000/10/02 00:00:00+00,4,29.849174,-95.668299,17657« Kieth Harrow Boulevard,
3022293.38932103,13871094.6874423,457,TCS-0461,Kieth Harrow Blvd @ Windsong Trail,Traffic Control Signal,Active,2000/10/10 00:00:00+00,4,29.848643,-95.675325,17951« Kieth Harrow Blvd,
3014604.95325436,13844233.5656397,458,TCS-0462,Kingsland Blvd @ Baker Rd,Traffic Control Signal,Active,2004/09/13 00:00:00+00,4,29.775404,-95.701958,19102« Kingsland Boulevard,
2989104.4661977,13842307.6597146,459,TCS-0463,Kingsland Blvd @ Cobia Dr,Traffic Control Signal,Active,2015/03/06 00:00:00+00,4,29.772063,-95.782479,23502« Kingsland Blvd,
3010328.45983887,13844113.1823503,460,TCS-0464,Kingsland Blvd @ Crescent Green Dr,Traffic Control Signal,Active,2009/04/22 00:00:00+00,4,29.775404,-95.715444,19808« Kingsland Blvd,
3005916.5920222,13844192.1306832,461,TCS-0465,Kingsland Blvd @ Dominion Dr,Traffic Control Signal,Active,1998/10/13 00:00:00+00,4,29.775961,-95.729339,20606« Kingsland Blvd,
2984972.51580019,13842755.8500912,462,TCS-0466,Kingsland Blvd @ Falcon Point Dr & Harbor Crossing Ln,Traffic Control Signal,Active,2011/12/16 00:00:00+00,4,29.773607,-95.79546,24627« Falcon Point Dr,
2993343.29597461,13843589.3582667,463,TCS-0467,Kingsland Blvd @ Governors Place Blvd,Traffic Control Signal,Active,2001/12/20 00:00:00+00,4,29.775265,-95.769011,22925« Kingsland Boulevard,
3008372.03953911,13844121.5714411,464,TCS-0468,Kingsland Blvd @ Houghton Rd,Traffic Control Signal,Active,1999/06/16 00:00:00+00,4,29.775578,-95.721608,720« Houghton Road,
2985830.47176145,13842762.2772437,465,TCS-0469,Kingsland Blvd @ Katy Gap Rd,Traffic Control Signal,Active,2008/10/31 00:00:00+00,4,29.77356,-95.792756,24019« Kingsland Boulevard,
3000968.99364969,13843749.9416069,466,TCS-0470,Kingsland Blvd @ Mason Park Blvd,Traffic Control Signal,Active,2001/08/02 00:00:00+00,4,29.775125,-95.744968,21684« Kingsland Boulevard,
2999876.64051944,13843590.7700093,467,TCS-0471,Kingsland Blvd @ Park Grove Dr,Traffic Control Signal,Active,2011/11/18 00:00:00+00,4,29.774771,-95.748424,21802« Kingsland Blvd,
2996592.93284802,13843603.2716247,468,TCS-0472,Kingsland Blvd @ Promenade Dr,Traffic Control Signal,Active,1999/04/07 00:00:00+00,4,29.775056,-95.75877,22275« Kingsland Blvd,
3002735.62003769,13844117.4720398,469,TCS-0473,Kingsland Blvd @ Provincial Blvd,Traffic Control Signal,Active,2009/02/04 00:00:00+00,4,29.776,-95.739369,21302« Provincial Blvd,
3007126.91670127,13844251.1082555,470,TCS-0474,Kingsland Blvd @ Rennie Dr,Traffic Control Signal,Active,1999/07/12 00:00:00+00,4,29.77603,-95.72552,20345« Rennie Drive,
3004670.2677432,13844081.2578734,471,TCS-0475,Kingsland Blvd @ Shillington Dr,Traffic Control Signal,Active,1999/04/06 00:00:00+00,4,29.775752,-95.733276,820« Shillington Drive,
3013708.49244887,13844275.952694,472,TCS-0476,Kingsland Blvd @ South Greenhouse Rd,Traffic Control Signal,Active,1998/03/26 00:00:00+00,4,29.77559,-95.704779,803« S. Greenhouse Rd,
2991725.04035287,13842717.814078,473,TCS-0477,Kingsland Blvd @ South Peek Rd,Traffic Control Signal,Active,1999/04/08 00:00:00+00,4,29.772992,-95.774186,22275« Kingsland Boulevard,
3088649.94459978,13929296.7508279,474,TCS-0478,Kuykendahl Rd @ Bammelwood Dr,Traffic Control Signal,Active,2017/04/05 00:00:00+00,1,30.003268,-95.460541,2307« Bammelwood Drive,
3076962.26029803,13948668.7373464,475,TCS-0479,Kuykendahl Rd @ Bridgeview Ln,Traffic Control Signal,Active,1992/05/19 00:00:00+00,3,30.05748,-95.495616,19700« Kuykendahl Road,
3085792.23312362,13933326.7207863,476,TCS-0480,Kuykendahl Rd @ Colwell Rd,Traffic Control Signal,Active,1983/05/05 00:00:00+00,3,30.014582,-95.469181,16402« Kuykendahl Road,
3078559.04056902,13944522.7223444,477,TCS-0481,Kuykendahl Rd @ Country Pines Dr,Traffic Control Signal,Active,2008/05/08 00:00:00+00,3,30.045953,-95.490964,19002« Kuykendahl Road,
3057973.64899711,13976967.0537811,478,TCS-0482,Kuykendahl Rd @ Coventry Blvd & Augusta Pines Dr,Traffic Control Signal,Active,2012/03/22 00:00:00+00,3,30.136809,-95.552977,25858« Kuykendahl Road,
3059287.65588352,13980062.8077602,479,TCS-0483A,Kuykendahl Rd (NB) @ Creekside Forest Dr,Traffic Control Signal,Active,2012/03/22 00:00:00+00,3,30.145211,-95.548533,8359« Creekside Forest Dr,
3058788.53024136,13980120.8450457,480,TCS-0483B,Kuykendahl Rd (SB) @ Creekside Forest Dr,Traffic Control Signal,Active,2012/03/22 00:00:00+00,3,30.145411,-95.550106,26557« Kuykendahl Road,
3058388.60256353,13977726.9813951,481,TCS-0484,Kuykendahl Rd @ Creekside Green Dr,Traffic Control Signal,Active,2022/10/13 00:00:00+00,3,30.138864,-95.551594,26081« Kuykendahl Road,
3088918.59891811,13928958.1550484,482,TCS-0485,Kuykendahl Rd @ Cypress Landing Dr,Traffic Control Signal,Active,1999/08/26 00:00:00+00,1,30.002315,-95.459725,13602« Kuykendahl Road,
3081925.50430852,13938860.802894,483,TCS-0486,Kuykendahl Rd @ Cypresswood Dr,Traffic Control Signal,Active,1979/07/02 00:00:00+00,3,30.030113,-95.480867,17704« Kuykendahl Road,
3062545.78749061,13963262.4525814,484,TCS-0487,Kuykendahl Rd @ Dowdell Rd,Traffic Control Signal,Active,1999/03/31 00:00:00+00,3,30.098771,-95.539802,23050« Kuykendahl Road,
3096247.39987728,13921464.3137369,485,TCS-0488,Kuykendahl Rd @ Ella Blvd,Traffic Control Signal,Active,1985/01/09 00:00:00+00,1,29.981106,-95.437303,13602« Kuykendahl Road,
3080821.63479711,13940385.520317,486,TCS-0489,Kuykendahl Rd @ Elmbrook Dr,Traffic Control Signal,Active,1978/11/22 00:00:00+00,3,30.034395,-95.484209,18011« Kuykendahl Road,
3073421.62039769,13952227.6780631,487,TCS-0490,Kuykendahl Rd @ Gosling Rd & Pinelakes Blvd,Traffic Control Signal,Active,2011/06/28 00:00:00+00,3,30.067553,-95.506467,20500« Kuykendahl Road,
3065671.69298419,13960174.4436656,488,TCS-0491,Kuykendahl Rd @ Home Depot Way,Traffic Control Signal,Active,2018/11/13 00:00:00+00,3,30.090029,-95.530211,22311« Kuykendahl Road,
3060886.34986462,13964786.2385758,489,TCS-0492,Kuykendahl Rd @ Hufsmith Kuykendahl Rd,Traffic Control Signal,Active,1988/11/16 00:00:00+00,3,30.103094,-95.544905,23502 Kuykendahl Road,
3057844.84512086,13975006.8923471,490,TCS-0493,Kuykendahl Rd @ Hufsmith Rd,Traffic Control Signal,Active,2011/09/06 00:00:00+00,3,30.131432,-95.553567,25503« Kuykendahl Road,
3070619.15487403,13955089.6457644,491,TCS-0494,Kuykendahl Rd @ Klein Crossing Shopping Center,Traffic Control Signal,Active,2004/05/20 00:00:00+00,3,30.075649,-95.515053,21138« Kuykendahl Road,
3057727.05040894,13971577.883129,492,TCS-0495,Kuykendahl Rd @ London Way,Traffic Control Signal,Active,1999/05/13 00:00:00+00,3,30.122017,-95.554259,24815« Kuykendahl Road,
3079345.94188236,13942562.3683255,493,TCS-0496,Kuykendahl Rd @ Louetta Rd,Traffic Control Signal,Active,1979/07/02 00:00:00+00,3,30.0405,-95.488664,4896« Louetta Road,
3059149.47505753,13978894.8009098,494,TCS-0497A,Kuykendahl Rd (NB) @ West New Harmony Trail,Traffic Control Signal,Active,2014/07/31 00:00:00+00,3,30.142012,-95.549079,,
3058651.42126361,13978948.1420105,495,TCS-0497B,Kuykendahl Rd (SB) @ West New Harmony Trail,Traffic Control Signal,Active,2014/07/31 00:00:00+00,3,30.142199,-95.550649,26295« Kuykendahl Road,
3068939.05948095,13956816.2092403,496,TCS-0498,Kuykendahl Rd @ Northcrest Dr & Mossey Terrace Ln,Traffic Control Signal,Active,2011/11/09 00:00:00+00,3,30.080532,-95.5202,21502« Kuykendahl Road,
3076379.7480116,13949677.6579007,497,TCS-0499,Kuykendahl Rd @ Rhodes Rd,Traffic Control Signal,Active,1989/06/28 00:00:00+00,3,30.060301,-95.497361,19728« Kuykendahl Road,
3092386.54637852,13925066.6526608,498,TCS-0500,Kuykendahl Rd @ Richey Rd,Traffic Control Signal,Active,2022/02/10 00:00:00+00,1,29.99133,-95.449147,14514« Kuykendahl Road,
3077929.96111853,13946162.5615844,499,TCS-0501,Kuykendahl Rd @ Spring Cypress Rd,Traffic Control Signal,Active,1984/10/31 00:00:00+00,3,30.050512,-95.492796,19238« Kuykendahl Road,
3082730.25663602,13937978.0018381,500,TCS-0502,Kuykendahl Rd @ Spring Rain Dr & Cypress Hill Dr,Traffic Control Signal,Active,2017/06/26 00:00:00+00,3,30.02762,-95.478409,17449« Kuykendahl Road,
3067218.08162369,13958603.4845372,501,TCS-0503,Kuykendahl Rd @ Spring Stuebner Rd,Traffic Control Signal,Active,1997/09/25 00:00:00+00,3,30.085585,-95.525471,22002« Kuykendahl Road,
3072321.94871253,13953350.0094799,502,TCS-0504,Kuykendahl Rd @ Springbrook Garden Ln,Traffic Control Signal,Active,2010/02/16 00:00:00+00,3,30.070728,-95.509836,20738« Kuykendahl Road,
3059074.91713578,13983873.9599148,503,TCS-0505,Kuykendahl Rd @ Timarron Dr,Traffic Control Signal,Active,2014/04/02 00:00:00+00,3,30.155703,-95.54885,27402« Kuykendahl Road,
3057833.36318845,13975804.0892435,504,TCS-0506,Kuykendahl Rd @ Timbercrest Village Dr,Traffic Control Signal,Active,2017/03/02 00:00:00+00,3,30.133624,-95.553529,25650« Kuykendahl Road,
3058124.60899703,13967705.2793257,505,TCS-0507,Kuykendahl Rd @ West Rayford Rd,Traffic Control Signal,Active,2005/12/07 00:00:00+00,3,30.111341,-95.553363,24037« Kuykendahl Rd,
3062161.05368003,13963605.8078659,506,TCS-0508,Kuykendahl Rd @ Willow Forest Dr,Traffic Control Signal,Active,1999/03/31 00:00:00+00,3,30.099746,-95.540986,23206« Kuykendahl Road,
3083901.41275828,13936116.6423718,507,TCS-0509,Kuykendahl Rd @ Woerner Dr,Traffic Control Signal,Active,1985/10/14 00:00:00+00,3,30.022407,-95.474887,17035« Kuykendahl Road,
3136883.40981245,13933936.0506044,508,TCS-0510,Lee Rd @ Forest Point Dr & Mustang Corral Dr,Traffic Control Signal,Active,2012/02/15 00:00:00+00,3,30.011919,-95.307769,20123« Lee Road,
3098243.12521653,13956814.054389,509,TCS-0511,Lexington Rd @ Spring Cypress Rd,Traffic Control Signal,Active,1984/09/24 00:00:00+00,3,30.078097,-95.427592,910 Spring Cypress Road,
3127457.25904536,13882386.2711583,510,TCS-0512,Little York Rd @ Shady Ln,Traffic Control Signal,Active,1976/12/07 00:00:00+00,2,29.871049,-95.34263,2801 Little York Road,
3022592.99895802,13889340.2447831,511,TCS-0513,Longenbaugh Dr @ East Copper Lakes Dr,Traffic Control Signal,Active,2010/10/05 00:00:00+00,3,29.898773,-95.672743,17031« Longenbaugh Dr,
3023659.55489577,13889620.9049829,512,TCS-0514,Longenbaugh Dr @ Queenston Blvd,Traffic Control Signal,Active,2006/03/06 00:00:00+00,3,29.899461,-95.669353,8202« Queenston Blvd,
3029316.41628544,13888510.2756425,513,TCS-0515,Longenbaugh Dr @ Royal Gardens Dr & Sunny Ridge Dr,Traffic Control Signal,Active,2010/07/15 00:00:00+00,3,29.895964,-95.651607,16002« Longenbaugh Dr,
3020648.81583853,13888844.0466285,514,TCS-0516,Longenbaugh Dr @ West Copper Lakes Dr,Traffic Control Signal,Active,2016/05/09 00:00:00+00,3,29.897561,-95.678921,17502« West Copper Lakes Drive,
3069758.80423252,13935996.7308663,515,TCS-0517,Louetta Rd @ Amidon Dr,Traffic Control Signal,Active,2003/01/08 00:00:00+00,3,30.023242,-95.519568,6969« Louetta Road,
3089198.59245262,13948612.2033387,516,TCS-0518,Louetta Rd @ Cannaberry Way,Traffic Control Signal,Active,2001/12/06 00:00:00+00,3,30.056311,-95.45696,2715« Louetta Road,
3060586.13261728,13929823.9597473,517,TCS-0519,Louetta Rd @ Champion Dr & Colony Creek Dr,Traffic Control Signal,Active,1987/09/24 00:00:00+00,3,30.007023,-95.549116,9102 Louetta Road,
3061731.72153345,13930586.5274478,518,TCS-0520,Louetta Rd @ Champion Springs Blvd & Lake Sterling Gate,Traffic Control Signal,Active,2000/02/10 00:00:00+00,3,30.009026,-95.545427,8702« Louetta Rd,
3053969.07662569,13925918.6473479,519,TCS-0521,Louetta Rd @ Chasewood Park Dr,Traffic Control Signal,Active,2007/12/20 00:00:00+00,3,29.996824,-95.570375,10651« Louetta Road,
3049693.70394287,13925785.1141504,520,TCS-0522,Louetta Rd @ Compaq Center West Dr,Traffic Control Signal,Active,1989/10/03 00:00:00+00,3,29.996801,-95.583888,11135 Louetta Road,
3083930.64859219,13945613.5662913,521,TCS-0523,Louetta Rd @ Ella Blvd,Traffic Control Signal,Active,1987/08/27 00:00:00+00,3,30.048507,-95.47389,3895 Louetta Road,
3036205.81458011,13923855.6432718,522,TCS-0524,Louetta Rd @ Finch Brook Dr,Traffic Control Signal,Active,2017/04/19 00:00:00+00,3,29.992574,-95.626656,13438« Louetta Road,
3045701.75589003,13925640.6787438,523,TCS-0525,Louetta Rd @ Forest Lodge Dr & Rue St Honore Dr,Traffic Control Signal,Active,2004/01/15 00:00:00+00,3,29.996724,-95.596507,11711« Louetta Road,
3044644.84264953,13925602.6506046,524,TCS-0526,Louetta Rd @ Gettysburg Dr,Traffic Control Signal,Active,2002/09/26 00:00:00+00,3,29.996704,-95.599848,11921« Louetta Road,
3087906.05337103,13947491.3696223,525,TCS-0527,Louetta Rd @ Haude Rd,Traffic Control Signal,Active,1986/09/26 00:00:00+00,3,30.053338,-95.461151,3107« Louetta Road,
3094088.43897212,13951445.4817929,526,TCS-0528,Louetta Rd @ Holzwarth Rd,Traffic Control Signal,Active,1989/04/20 00:00:00+00,3,30.06369,-95.441238,1750« Louetta Road,
3077095.28759103,13940988.2169463,527,TCS-0529,Louetta Rd @ Klein Church Rd & Fireside Dr,Traffic Control Signal,Active,1997/08/27 00:00:00+00,3,30.036359,-95.495923,5302« Louetta Road,
3066680.43571736,13933929.6457616,528,TCS-0530,Louetta Rd @ Kleinwood Dr,Traffic Control Signal,Active,1999/08/02 00:00:00+00,3,30.017812,-95.529485,7650« Louetta Rd,
3047316.10075845,13925665.1508077,529,TCS-0531,Louetta Rd @ Lakewood Forest Dr,Traffic Control Signal,Active,1995/04/06 00:00:00+00,3,29.996662,-95.591407,11503« Louetta Road,
3034829.69692552,13923782.494468,530,TCS-0532,Louetta Rd @ Longwood Trace Dr,Traffic Control Signal,Active,2014/09/25 00:00:00+00,3,29.992482,-95.631008,11701« Longwood Trace Drive,
3092274.9622841,13951228.05375,531,TCS-0533,Louetta Rd @ Louetta Glen Rd,Traffic Control Signal,Active,1995/02/21 00:00:00+00,3,30.063244,-95.446989,2005« Louetta Road,
3067712.05078012,13934705.0343027,532,TCS-0534,Louetta Rd @ Lyons School Rd,Traffic Control Signal,Active,1991/01/07 00:00:00+00,3,30.019859,-95.526154,16750« Lyons School Road,
3042752.19420385,13925499.9982509,533,TCS-0535,Louetta Rd @ Malcomson Rd & Heatherwick Dr,Traffic Control Signal,Active,2002/10/28 00:00:00+00,3,29.996573,-95.605834,12125« Louetta Road,
3086038.0735112,13946923.322202,534,TCS-0536,Louetta Rd @ Mirror Lake Dr,Traffic Control Signal,Active,2002/01/31 00:00:00+00,3,30.051932,-95.467107,3492« Louetta Road,
3006609.30356328,13921207.6400377,535,TCS-0537,Mueschke Rd @ E Louetta Rd,Traffic Control Signal,Active,2009/04/04 00:00:00+00,3,29.98761,-95.720349,14560« Mueschke Road,
3059120.95214869,13928847.9039566,536,TCS-0538,Louetta Rd @ Old Louetta Rd & Champions Cove Ct,Traffic Control Signal,Active,1986/11/05 00:00:00+00,3,30.004459,-95.553834,9410 Louetta Road,
3062847.94141386,13931377.0058538,537,TCS-0539,Louetta Rd @ Shadow Valley Dr,Traffic Control Signal,Active,2002/09/27 00:00:00+00,3,30.011108,-95.541828,8515« Louetta Road,
3070426.54207027,13936442.2926392,538,TCS-0540,Louetta Rd @ Sir William Dr,Traffic Control Signal,Active,1998/05/07 00:00:00+00,3,30.024412,-95.517417,6865« Louetta Rd,
3081450.47638719,13943957.9908624,539,TCS-0541,Louetta Rd @ Sorrell Ridge Dr,Traffic Control Signal,Active,1989/04/20 00:00:00+00,3,30.044162,-95.481883,4419 Louetta Road,
3071634.5235782,13937296.9077279,540,TCS-0542,Louetta Rd @ Spring Creek Forest Dr,Traffic Control Signal,Active,1986/06/04 00:00:00+00,3,30.026662,-95.513521,6502« Louetta Road,
3074983.25244503,13939557.3395587,541,TCS-0543,Louetta Rd @ T C Jester Blvd,Traffic Control Signal,Active,1983/10/18 00:00:00+00,3,30.0326,-95.50273,5710« Louetta Road,
3027413.90368627,13926016.1848825,542,TCS-0544,Louetta Rd @ Telge Rd,Traffic Control Signal,Active,2016/11/30 00:00:00+00,3,29.999207,-95.654223,15150« Louetta Rd,
3076067.74797945,13940321.4587654,543,TCS-0545,Louetta Rd @ Terranova West Dr,Traffic Control Signal,Active,1984/05/10 00:00:00+00,3,30.034611,-95.499232,5530 Louetta Road,
3065868.31923136,13933406.3800759,544,TCS-0546,Louetta Rd @ Theiss Mail Route Rd & Squyres Rd,Traffic Control Signal,Active,1988/06/23 00:00:00+00,3,30.01644,-95.532099,7836 Louetta Road,
3052692.73534636,13925868.8597178,545,TCS-0547,Louetta Rd @ Vintage Park Dr,Traffic Control Signal,Active,2007/11/21 00:00:00+00,3,29.99679,-95.57441,10833« Louetta Road,
3057223.47333211,13927601.9661598,546,TCS-0548,Louetta Rd @ Vintage Preserve Pkwy,Traffic Control Signal,Active,2016/05/23 00:00:00+00,3,30.001188,-95.559942,9907« Vintage Preserve Pkwy,
3200952.62944278,13850437.066356,547,TCS-0549,Market St Rd @ Pemberton St,Traffic Control Signal,Active,2019/03/21 00:00:00+00,2,29.776719,-95.114212,16200 Market Street,
2996694.97791953,13902922.4728679,548,TCS-0550,Mason Rd @ Bridgeland Creek Pkwy,Traffic Control Signal,Active,2018/01/19 00:00:00+00,3,29.938109,-95.753258,11070« Mason Road,
2995525.64430019,13900072.4303397,549,TCS-0551,Mason Rd @ Bridgeland High School Drop Off Driveway,Traffic Control Signal,Active,2018/01/24 00:00:00+00,3,29.930364,-95.757198,10700« Mason Road,
2995596.32657352,13901019.8923555,550,TCS-0552,Mason Rd @ Hale Hollow Creek Dr & High School Parking Drwy,Traffic Control Signal,Active,2018/01/24 00:00:00+00,3,29.932963,-95.756892,10800« Mason Road,
3000503.93683703,13926094.8504076,551,TCS-0553,Mason Rd @ Chappell Knoll Dr,Traffic Control Signal,Active,2009/07/13 00:00:00+00,3,30.001513,-95.739197,15621« Mason Rd,
2999158.39818953,13836317.4679549,552,TCS-0554,Mason Rd @ Chesterwick Dr & Winding Hollow Dr,Traffic Control Signal,Active,2004/03/12 00:00:00+00,4,29.754832,-95.751324,1855« S Mason Road,
2998908.27237745,13841732.9627013,553,TCS-0555,Mason Rd @ Cimarron Pkwy,Traffic Control Signal,Active,1985/08/08 00:00:00+00,4,29.769738,-95.751638,901 Mason Road,
2999205.32821378,13930108.1704649,554,TCS-0556,Mason Rd @ Cumberland Ridge Dr & Schiel Rd,Traffic Control Signal,Active,2018/09/20 00:00:00+00,3,30.012644,-95.742945,16502« Mason Road,
3000751.04493861,13922855.1544592,555,TCS-0557,Mason Rd @ Cypresswood Dr,Traffic Control Signal,Active,2005/01/07 00:00:00+00,3,29.992589,-95.738702,15050« Mason Road,
2998493.50056919,13853487.4874205,556,TCS-0558,Mason Rd @ Franz Rd,Traffic Control Signal,Active,1986/06/05 00:00:00+00,4,29.802082,-95.751916,21880« Franz Road,
2999098.82580212,13837741.812219,557,TCS-0559,Mason Rd @ Highland Knolls Dr,Traffic Control Signal,Active,1998/07/17 00:00:00+00,4,29.758752,-95.751387,1601« S Mason Rd,
2998823.06158987,13843612.0498223,558,TCS-0560,Mason Rd @ Kingsland Blvd,Traffic Control Signal,Active,1985/12/19 00:00:00+00,4,29.77491,-95.751742,550« Mason Road,
2998214.50867312,13859510.8618567,559,TCS-0561,Mason Rd @ Lakes of Bridgewater Dr,Traffic Control Signal,Active,2003/01/16 00:00:00+00,4,29.818661,-95.752268,3028« Mason Road,
3001022.3360627,13924561.3232909,560,TCS-0562,Mason Rd @ Maple Village Dr,Traffic Control Signal,Active,2009/07/13 00:00:00+00,3,29.997258,-95.737695,15401« Mason Rd,
2998341.68624027,13856188.7054433,561,TCS-0563,Mason Rd @ Mason Manor Dr,Traffic Control Signal,Active,2008/08/27 00:00:00+00,4,29.809519,-95.752158,2424« Mason Road,
2998619.78476544,13848850.2621149,562,TCS-0564,Mason Rd @ Merchants Way,Traffic Control Signal,Active,2009/08/13 00:00:00+00,4,29.789325,-95.751924,1301« Mason Rd,
2998743.27566019,13844496.3587493,563,TCS-0565,Mason Rd @ Merrymount Dr,Traffic Control Signal,Active,1993/10/13 00:00:00+00,4,29.777347,-95.751916,496« Mason Road,
2998251.27992503,13858906.5504013,564,TCS-0566,Mason Rd @ Morton Rd,Traffic Control Signal,Active,2005/07/27 00:00:00+00,4,29.816997,-95.752205,21902« Morton Rd,
2999204.52145687,13834200.4879369,565,TCS-0567,Mason Rd @ Oak Park Trails Dr & Royal Montreal Dr,Traffic Control Signal,Active,2011/01/11 00:00:00+00,4,29.749009,-95.751364,2050« S Mason Rd,
2998589.59256861,13850428.223854,566,TCS-0568,Mason Rd @ Park Row & Colonial Pkwy,Traffic Control Signal,Active,2020/04/07 00:00:00+00,4,29.793665,-95.751881,1475« Mason Road,
2998773.9606382,13845459.4027549,567,TCS-0569,Mason Rd @ Provincial Blvd,Traffic Control Signal,Active,1980/02/19 00:00:00+00,4,29.779992,-95.751735,394« S Mason Road,
2998983.49138711,13839825.2260312,568,TCS-0570,Mason Rd @ Rock Canyon Dr,Traffic Control Signal,Active,1993/03/09 00:00:00+00,4,29.764488,-95.751568,1060« Mason Road,
3051356.65009202,13912943.7372742,569,TCS-0575,Mills Rd @ Copeland Dr,Traffic Control Signal,Active,2000/04/04 00:00:00+00,3,29.961371,-95.579823,10680« Mills Road,
2996827.56623703,13858941.2416048,570,TCS-0576,Morton Ranch Rd @ Elrod Rd (North),Traffic Control Signal,Active,2018/07/12 00:00:00+00,4,29.817201,-95.75669,22117« Morton Ranch Road,
2995391.86339977,13858882.163639,571,TCS-0577,Morton Ranch Rd @ Elrod Rd (South),Traffic Control Signal,Active,2018/02/26 00:00:00+00,4,29.817148,-95.761221,22503« Morton Ranch Road,
2993415.50416353,13858815.4652816,572,TCS-0578,Morton Ranch Rd @ Morton Town Center,Traffic Control Signal,Active,2016/10/25 00:00:00+00,4,29.817115,-95.767457,22820« Morton Ranch Road,
2994066.70856978,13858840.3868197,573,TCS-0579,Morton Ranch Rd @ Williamette Dr,Traffic Control Signal,Active,2016/10/28 00:00:00+00,4,29.817134,-95.765402,22702« Morton Ranch Road,
3012244.33461602,13858541.5783622,574,TCS-0580,Morton Rd @ Deermoss Dr,Traffic Control Signal,Active,2007/07/12 00:00:00+00,4,29.814918,-95.708127,19402« Morton Road,
3017073.79772611,13858434.1294301,575,TCS-0581,Morton Rd @ Dulaney Rd,Traffic Control Signal,Active,2007/07/12 00:00:00+00,4,29.814248,-95.692913,18506« Morton Road,
3015271.0575652,13858755.6996531,576,TCS-0582,Morton Rd @ Eagle Ridge Way,Traffic Control Signal,Active,2007/07/12 00:00:00+00,4,29.815272,-95.698567,18825« Morton Road,
3013679.97905445,13858626.0447287,577,TCS-0583,Morton Rd @ Greenhouse Rd,Traffic Control Signal,Active,2004/03/23 00:00:00+00,4,29.815039,-95.703594,3201« Greenhouse Rd,
2981011.67201586,13858381.4841942,578,TCS-0584,Morton Rd @ Katy Fort Bend County Rd & Katy Hockley Cut-Off Rd,Traffic Control Signal,Active,2010/06/03 00:00:00+00,4,29.816859,-95.806596,24930« Morton Ranch Rd.,
3004053.88971086,13858410.1042157,579,TCS-0585,Morton Rd @ Raintree Village Dr,Traffic Control Signal,Active,2013/10/09 00:00:00+00,4,29.815188,-95.733957,20737« Morton Rd,
3144592.39603487,13890315.3340403,580,TCS-0586,Mount Houston Rd @ Suburban Dr,Traffic Control Signal,Active,2022/10/18 00:00:00+00,1,29.891358,-95.287798,6901« Mount Houston Road,
3004939.25375378,13930324.0073036,581,TCS-0587,Mueschke Rd @ Schiel Rd,Traffic Control Signal,Active,2016/02/18 00:00:00+00,3,30.012797,-95.724816,16350« Mueschke Rd,
3005192.99668461,13924555.3252714,582,TCS-0588,Mueschke Rd @ Tacoma Springs Dr & Towering Cypress Dr,Traffic Control Signal,Active,2017/04/19 00:00:00+00,3,29.996921,-95.724525,15300« Mueschke Road,
3172593.55722402,13852885.2980081,583,TCS-0589,Normandy St @ La Rochelle Dr,Traffic Control Signal,Active,1986/09/25 00:00:00+00,2,29.786009,-95.203311,701« Normandy Street,
3171785.14775161,13850511.2637142,584,TCS-0590,Normandy St @ Normandy Crossing Dr,Traffic Control Signal,Active,2004/01/14 00:00:00+00,2,29.779556,-95.206101,655« Normandy Drive,
3172725.45459802,13860206.5852028,585,TCS-0591,Normandy St @ Wallisville Rd,Traffic Control Signal,Active,1992/08/25 00:00:00+00,2,29.80612,-95.202146,14002« Wallisville Road,
3172882.86602861,13854813.8984816,586,TCS-0592,Normandy St @ Woodforest Blvd,Traffic Control Signal,Active,2023/04/18 00:00:00+00,2,29.791284,-95.202202,12502« Wood Forest Boulevard,
3044858.69064702,13892462.0833557,587,TCS-0593,North Eldridge Pkwy @ Castlebridge Dr,Traffic Control Signal,Active,2020/10/29 00:00:00+00,3,29.905594,-95.602214,9102« North Eldridge Parkway,
3043684.73597394,13886934.1856188,588,TCS-0594,North Eldridge Pkwy @ Chimney Sweep Dr,Traffic Control Signal,Active,2002/11/22 00:00:00+00,3,29.890493,-95.606424,7626« North Eldridge Parkway,
3040636.13905278,13926648.315508,589,TCS-0595,North Eldridge Pkwy @ Chriswood Dr,Traffic Control Signal,Active,2020/06/10 00:00:00+00,3,29.999898,-95.612411,15711« North Eldridge Parkway,
3044341.52009344,13896015.2606325,590,TCS-0596,North Eldridge Pkwy @ Crossroads Park Dr,Traffic Control Signal,Active,2009/10/28 00:00:00+00,3,29.915402,-95.60352,9750« N Eldridge Pkwy,
3043602.04913144,13885741.7874131,591,TCS-0597,North Eldridge Pkwy @ CFISD Eldridge Transportation Center,Traffic Control Signal,Active,2006/11/06 00:00:00+00,3,29.887222,-95.606794,7501« N Eldridge Pkwy,
3043571.46946819,13909414.1419712,592,TCS-0598,North Eldridge Pkwy @ Cypress North Houston Rd,Traffic Control Signal,Active,1992/04/24 00:00:00+00,3,29.952293,-95.604722,12201« Cypress North Houston Road,
3043259.24633937,13880106.3797207,593,TCS-0599,North Eldridge Pkwy @ Emmett Rd,Traffic Control Signal,Active,2006/12/06 00:00:00+00,4,29.871759,-95.608391,13130« Emmett Rd,
3043217.18868069,13902289.2057618,594,TCS-0600,North Eldridge Pkwy @ Fallbrook Dr,Traffic Control Signal,Active,2000/06/06 00:00:00+00,3,29.932737,-95.606493,10902« North Eldridge Parkway,
3044437.63571486,13893623.1204037,595,TCS-0601,North Eldridge Pkwy @ Fetlock Dr,Traffic Control Signal,Design,,3,29.908819,-95.603436,9506« North Eldridge Parkway,
3043296.88438745,13885202.1447916,596,TCS-0602,North Eldridge Pkwy @ Firebrick Dr,Traffic Control Signal,Active,2020/06/11 00:00:00+00,3,29.885763,-95.607806,7403« North Eldridge Parkway,
3042790.92181669,13903667.6738054,597,TCS-0603,North Eldridge Pkwy @ Foxburo Dr,Traffic Control Signal,Active,2000/06/06 00:00:00+00,3,29.93656,-95.607712,11202« North Eldridge Parkway,
3041175.94112277,13920960.070979,598,TCS-0604,North Eldridge Pkwy @ Grant Rd,Traffic Control Signal,Active,2019/01/03 00:00:00+00,3,29.98422,-95.611227,12341« Grant Road,
3041963.73974402,13929143.2941139,599,TCS-0605,North Eldridge Pkwy @ Guernsey Dr,Traffic Control Signal,Active,2020/06/09 00:00:00+00,3,30.00665,-95.60799,16204« North Eldridge Parkway,
3040170.74497044,13925441.8835377,600,TCS-0606,North Eldridge Pkwy @ Louetta Rd,Traffic Control Signal,Active,1998/03/23 00:00:00+00,3,29.996619,-95.613991,12610« Louetta Road,
3040968.06063303,13923641.541994,601,TCS-0607,North Eldridge Pkwy @ Malcomson Rd,Traffic Control Signal,Active,2014/06/12 00:00:00+00,3,29.991607,-95.611638,12703« Malcomson Road,
3042657.92077036,13907115.9959769,602,TCS-0608,North Eldridge Pkwy @ Mile Dr,Traffic Control Signal,Active,2000/09/14 00:00:00+00,3,29.946049,-95.607816,11202« North Eldridge Pkwy,
3041414.37306061,13927482.9096394,603,TCS-0609,North Eldridge Pkwy @ New Hampton Dr & Lakewood Villa Dr,Traffic Control Signal,Active,2020/06/09 00:00:00+00,3,30.00213,-95.609877,15903« North Eldridge Parkway,
3041114.50850286,13921582.5949964,604,TCS-0610,North Eldridge Pkwy @ Normont Dr,Traffic Control Signal,Active,2020/06/11 00:00:00+00,3,29.985936,-95.611364,14601« North Eldridge Parkway,
3040610.43437977,13938625.1826303,605,TCS-0611,North Eldridge Pkwy @ Northpointe Blvd,Traffic Control Signal,Active,2014/08/22 00:00:00+00,3,30.03282,-95.611396,18755« N Eldridge Pkwy,
3041139.83423962,13858611.8912137,606,TCS-0612,North Eldridge Pkwy @ Patterson Rd,Traffic Control Signal,Active,2014/11/13 00:00:00+00,4,29.812844,-95.617037,2994« N Eldridge Pkwy,
3041187.83808061,13922538.2774683,607,TCS-0613,North Eldridge Pkwy @ Quail Creek Dr,Traffic Control Signal,Active,2020/06/10 00:00:00+00,3,29.988557,-95.611045,12223« Quail Creek Drive,
3041866.5594922,13931347.0272392,608,TCS-0614,North Eldridge Pkwy @ Spring Cypress Rd,Traffic Control Signal,Active,1999/08/23 00:00:00+00,3,30.012715,-95.608095,12003« Spring Cypress Road,
3044169.85639478,13872471.1889544,609,TCS-0615,North Eldridge Pkwy @ Tanner Rd,Traffic Control Signal,Active,1986/04/24 00:00:00+00,4,29.850699,-95.606218,5725« Eldridge Parkway,
3043677.66446577,13888706.7926379,610,TCS-0616,North Eldridge Pkwy @ Taylor Rd,Traffic Control Signal,Active,2002/11/22 00:00:00+00,3,29.895366,-95.606284,8160« Eldridge Parkway,
3043688.24023202,13875451.2748577,611,TCS-0617,North Eldridge Pkwy @ Toshiba Plant Entrance & Exit,Traffic Control Signal,Active,1992/02/18 00:00:00+00,4,29.858929,-95.607464,5855« N Eldridge Pkwy,
3044376.40552236,13871091.4781311,612,TCS-0618,North Eldridge Pkwy @ Twin Lakes Dr,Traffic Control Signal,Active,1998/11/24 00:00:00+00,4,29.84689,-95.605693,5503« N Eldridge Pkwy,
3043086.95961045,13861298.1489645,613,TCS-0619,North Eldridge Pkwy @ War Memorial Dr,Traffic Control Signal,Active,2013/02/26 00:00:00+00,4,29.820073,-95.610654,3505« N Eldridge Pkwy,
3043465.43129444,13876966.5825226,614,TCS-0620,North Eldridge Pkwy @ West Little York Rd,Traffic Control Signal,Active,1982/06/15 00:00:00+00,4,29.863112,-95.608028,6255 N Eldridge Pkwy,
3043698.74972545,13889454.6572839,615,TCS-0621,North Eldridge Pkwy @ West Rd,Traffic Control Signal,Active,1992/06/18 00:00:00+00,3,29.89742,-95.606149,13350« West Road,
3078450.0020732,13897309.9772032,616,TCS-0622,North Houston Rosslyn Rd @ Smiling Wood Ln,Traffic Control Signal,Active,1995/05/09 00:00:00+00,1,29.916194,-95.495779,12694« North Houston Rosslyn Road,
3210496.92761137,13815487.0876997,617,TCS-0623,Underwood Rd @ North L St & East Pasadena Blvd,Traffic Control Signal,Active,1979/05/11 00:00:00+00,2,29.679784,-95.087827,1834« Underwood Rd,
3168792.17539111,13893045.1054836,618,TCS-0624,North Lake Houston Pkwy @ Lockwood Rd,Traffic Control Signal,Active,2016/02/12 00:00:00+00,1,29.896727,-95.211188,11901« North Lake Houston Parkway,
3077629.1572582,13901658.0944912,619,TCS-0626,Old Bammel North Houston Rd @ Seton Lake Dr,Traffic Control Signal,Active,1986/09/18 00:00:00+00,1,29.928213,-95.497958,10399« Bammel North Houston Road,
3142134.30055736,13904542.6166093,620,TCS-0627,Old Humble Rd @ Aldine Bender Rd,Traffic Control Signal,Active,2002/09/26 00:00:00+00,2,29.930676,-95.294129,14502« Old Humble Road,
3150607.60250837,13914037.3702575,621,TCS-0628,Old Humble Rd @ Atascocita Rd & Mesa Rd,Traffic Control Signal,Active,1984/04/24 00:00:00+00,3,29.956031,-95.266435,16910 Old Humble Road,
3148231.73390053,13911421.2301486,622,TCS-0629,Old Humble Rd @ Bender Rd,Traffic Control Signal,Active,1997/01/15 00:00:00+00,1,29.949049,-95.274197,15728 Old Humble Road,
3141501.7358776,13903782.8907665,623,TCS-0630,Old Humble Rd @ Eastex Freeway VFD Station 1,Traffic Control Signal,Active,1982/02/06 00:00:00+00,2,29.928643,-95.296201,14322 Old Humble Rd,
3141198.71187736,13903444.3838976,624,TCS-0631,Old Humble Rd @ Eastex Park-Ride Lot,Traffic Control Signal,Active,2000/01/18 00:00:00+00,2,29.927739,-95.297191,14221« Old Humble Rd,
3139626.21895936,13901649.2943119,625,TCS-0632,Old Humble Rd @ Homestead Rd,Traffic Control Signal,Active,1982/06/01 00:00:00+00,2,29.922942,-95.302332,14070« Homestead Rd,
3010214.37214053,13849631.4488728,626,TCS-0633,Park Row @ Foxlake Dr,Traffic Control Signal,Active,2006/01/25 00:00:00+00,4,29.790582,-95.715315,1603« Foxlake Dr,
3007087.26651812,13849417.1340127,627,TCS-0634,Park Row @ Price Plaza Dr,Traffic Control Signal,Active,2006/01/04 00:00:00+00,4,29.790234,-95.725189,20017« Park Row,
3005273.83773027,13849133.5666664,628,TCS-0635,Park Row @ Westborough Dr,Traffic Control Signal,Active,2001/08/21 00:00:00+00,4,29.789594,-95.730929,1730« Westborough Drive,
3003936.90995795,13849227.8991549,629,TCS-0636,Park Row @ Westgreen Blvd,Traffic Control Signal,Active,2002/04/01 00:00:00+00,4,29.789956,-95.735134,1550« North Westgreen Boulevard,
3056493.3471677,13909237.558991,630,TCS-0637,Perry Rd @ Cypress North Houston Rd,Traffic Control Signal,Active,2010/10/07 00:00:00+00,3,29.95077,-95.563952,12320« Perry Rd,
3056403.16460527,13912069.0224882,631,TCS-0638,Perry Rd @ Mills Rd,Traffic Control Signal,Active,2010/10/07 00:00:00+00,3,29.95856,-95.563974,12802« Perry Rd,
3024564.34475286,13864795.8922971,632,TCS-0639,Queenston Blvd @ Clay Rd,Traffic Control Signal,Active,2010/02/08 00:00:00+00,3,29.831151,-95.66873,17602« Clay Rd,
3024565.73287344,13868487.3199536,633,TCS-0640,Queenston Blvd @ Conifer Point Ln,Traffic Control Signal,Active,2009/12/23 00:00:00+00,4,29.841298,-95.668394,4701« Queenston Blvd,
3023881.64500278,13875858.2802773,634,TCS-0641,Queenston Blvd @ Coventry Park Dr,Traffic Control Signal,Active,2017/07/20 00:00:00+00,4,29.861613,-95.669889,6009« Queenston Boulevard,
3023636.03919478,13905005.7347775,635,TCS-0642,Queenston Blvd @ Cypress North Houston Rd,Traffic Control Signal,Active,2009/12/04 00:00:00+00,3,29.941752,-95.668044,16550« Cypress North Houston Rd,
3024054.42549711,13886275.3936294,636,TCS-0643,Queenston Blvd @ Forest Heights Dr,Traffic Control Signal,Active,2010/05/20 00:00:00+00,4,29.890234,-95.668408,7546« Queenston Boulevard,
3024645.87378928,13870404.9683493,637,TCS-0644,Queenston Blvd @ French Rd,Traffic Control Signal,Active,2019/10/22 00:00:00+00,4,29.846563,-95.667969,17601« French Rd,
3024030.36649011,13901431.69665,638,TCS-0645,Queenston Blvd @ Houston National Blvd,Traffic Control Signal,Active,2009/12/04 00:00:00+00,3,29.931897,-95.667121,10955« Queenston Blvd,
3024012.85996345,13887255.7345164,639,TCS-0646,Queenston Blvd @ Royal Gardens Dr,Traffic Control Signal,Active,2010/05/20 00:00:00+00,3,29.892932,-95.668451,7742« Queenston Boulevard,
3023804.11694261,13896249.8100322,640,TCS-0647,Queenston Blvd @ Tuckerton Rd,Traffic Control Signal,Active,2010/01/20 00:00:00+00,3,29.917671,-95.668301,9808« Queenston Blvd,
3108453.90367945,13916315.3197699,641,TCS-0648,Rankin Rd @ Chisholm Trail,Traffic Control Signal,Active,1998/03/12 00:00:00+00,1,29.965926,-95.399266,802 Rankin Road,
3213883.73186135,13790254.7989255,642,TCS-0649,Red Bluff Rd @ Kipper Mease Sports Center Entrance,Traffic Control Signal,Active,1998/08/31 00:00:00+00,2,29.61012,-95.07983,10615 Red Bluff Road,
3211192.2306827,13792448.3745909,643,TCS-0650,Red Bluff Rd @ Underwood Rd,Traffic Control Signal,Active,2003/06/10 00:00:00+00,2,29.616397,-95.088065,9801« Red Bluff Road,
3039033.61765152,13828233.2780865,644,TCS-0651,Richmond Ave @ West Hampton Dr,Traffic Control Signal,Active,2001/08/06 00:00:00+00,4,29.729505,-95.626439,13511« Richmond Avenue,
3038104.91051945,13828244.3262928,645,TCS-0652,Richmond Ave @ Windchase Blvd,Traffic Control Signal,Active,2001/08/06 00:00:00+00,4,29.729609,-95.629363,13590« Richmond Avenue,
3177625.77452178,13873757.0695847,646,TCS-0653,Sam Houston Tollway East @ US BUS 90A,Traffic Control Signal,Active,2009/02/24 00:00:00+00,,29.842925,-95.185309,13806« Beaumont Highway,
3171478.28812911,13890976.1276662,647,TCS-0654A,Sam Houston Tollway East @ C E King Pkwy & South Lake Houston Pkwy EB,Traffic Control Signal,Active,2009/02/24 00:00:00+00,,29.890801,-95.202927,11850« C E King Parkway,
3171440.43157753,13891282.7080898,648,TCS-0654B,Sam Houston Tollway East @ C E King Pkwy & South Lake Houston Pkwy WB,Traffic Control Signal,Active,2009/02/24 00:00:00+00,,29.891647,-95.203015,TxDOT,
3173141.41275561,13888297.3676038,649,TCS-0655,Sam Houston Tollway East @ Garrett Rd,Traffic Control Signal,Active,2009/02/24 00:00:00+00,,29.88329,-95.197956,11550« Garrett Road,
3163813.59348477,13906510.7058489,650,TCS-0656,Sam Houston Tollway East @ John Ralston Rd,Traffic Control Signal,Active,2009/02/24 00:00:00+00,,29.934179,-95.225521,10805« North Sam Houston Parkway East,
3168225.76477852,13906689.4374468,651,TCS-0657,Sam Houston Tollway East @ Lockwood Rd & Woodland Hills Dr,Traffic Control Signal,Active,2009/02/24 00:00:00+00,,29.934278,-95.21158,11860« North Sam Houston Parkway East,
3150165.53088595,13907657.4814425,652,TCS-0658,Sam Houston Tollway East @ Mesa Dr,Traffic Control Signal,Active,2009/02/24 00:00:00+00,,29.938535,-95.268473,7951« North Sam Houston Parkway East,
3171375.4280986,13892757.0670177,653,TCS-0659A,Sam Houston Tollway East @ North Lake Houston Pkwy EB,Traffic Control Signal,Active,2009/02/24 00:00:00+00,,29.895705,-95.203069,TxDOT,
3171365.4501002,13893025.2580823,654,TCS-0659B,Sam Houston Tollway East @ North Lake Houston Pkwy WB,Traffic Control Signal,Active,2009/02/24 00:00:00+00,,29.896443,-95.203073,TxDOT,
3145431.15912111,13908249.2706133,655,TCS-0660,Sam Houston Tollway East @ Old Humble Rd,Traffic Control Signal,Active,2009/02/24 00:00:00+00,,29.940576,-95.283354,7011 Sam Houston Tollway East,
3176951.16169778,13877509.5204131,656,TCS-0661,Sam Houston Tollway East @ Tidwell Rd,Traffic Control Signal,Active,2009/02/24 00:00:00+00,,29.853299,-95.18705,8870« East Sam Houston Parkway North,
3172027.02981378,13903287.1401176,657,TCS-0662,Sam Houston Tollway East @ West Lake Houston Pkwy,Traffic Control Signal,Active,2009/02/24 00:00:00+00,,29.924588,-95.199934,TxDOT 14110« East Sam Houston Parkway North,
3156208.37575561,13906438.7765308,658,TCS-0663,Sam Houston Tollway East @ Wilson Rd,Traffic Control Signal,Active,2009/02/24 00:00:00+00,,29.934654,-95.249527,9251« North Sam Houston Parkway East,
3061179.46443586,13824793.168825,659,TCS-0664A,Sam Houston Tollway West NB @ Westpark Tollway,Traffic Control Signal,Active,,,29.718274,-95.55701,4055« Sam Houston Tollway West,
3060868.04609545,13824768.3565387,660,TCS-0664B,Sam Houston Tollway West SB @ Westpark Tollway,Traffic Control Signal,Active,,,29.718231,-95.557993,,
3013703.71489936,13853282.714208,661,TCS-0667,Saums Rd @ Greenhouse Rd,Traffic Control Signal,Active,1997/03/02 00:00:00+00,4,29.800349,-95.703994,2605 Saums Road,
3007378.28266837,13853299.9261159,662,TCS-0668,Saums Rd @ Sitting Bull Dr,Traffic Control Signal,Active,2001/08/30 00:00:00+00,4,29.800885,-95.723929,20005« Saums Road,
3010604.04426144,13853187.0966171,663,TCS-0669,Saums Rd @ Strait Ln,Traffic Control Signal,Active,2017/05/24 00:00:00+00,4,29.800326,-95.713772,19545« Saums Road,
3011323.53626078,13853213.1464338,664,TCS-0670,Saums Rd @ Westlake Way,Traffic Control Signal,Active,1999/10/11 00:00:00+00,4,29.800342,-95.711502,19359« Saums Rd,
3171795.25731145,13779676.3906204,665,TCS-0671,Scarsdale Blvd @ Beamer Rd,Traffic Control Signal,Active,1982/08/12 00:00:00+00,2,29.584857,-95.213298,12603 Beamer Road,
3167901.80479653,13775430.3584301,666,TCS-0672,Scarsdale Blvd @ Blackhawk Blvd,Traffic Control Signal,Active,2007/02/26 00:00:00+00,2,29.573532,-95.225973,9903« Scarsdale Boulevard,
3174507.14952545,13782622.7915518,667,TCS-0673,Scarsdale Blvd @ Sageglen Dr,Traffic Control Signal,Active,1982/07/29 00:00:00+00,2,29.592714,-95.204469,12380 Scarsdale Boulevard,
3223635.4361112,13814315.4716046,668,TCS-0674,Sens Rd @ North H St,Traffic Control Signal,Active,2017/04/17 00:00:00+00,2,29.675349,-95.046598,11822« North H St,
3223529.6056142,13816195.4678446,669,TCS-0675,Sens Rd @ North L St,Traffic Control Signal,Active,2017/04/17 00:00:00+00,2,29.680526,-95.046731,11900« North L St,
3223083.67015436,13824160.0513249,670,TCS-0676,Sens Rd @ Strang Rd,Traffic Control Signal,Active,1990/01/22 00:00:00+00,2,29.702458,-95.047287,12005« Strang Road,
3197591.39469545,13852541.9942328,671,TCS-0677,Sheldon Rd @ Avenue C,Traffic Control Signal,Active,1977/04/01 00:00:00+00,2,29.782811,-95.124582,600« Sheldon Road,
3197541.91447945,13859500.5846463,672,TCS-0678,Sheldon Rd @ Bear Bayou Dr & Ashland Blvd,Traffic Control Signal,Active,1982/05/25 00:00:00+00,2,29.801941,-95.124011,1240 Ashland St,
3197508.81612045,13856373.3819112,673,TCS-0679,Sheldon Rd @ Crockett Rd,Traffic Control Signal,Active,1981/02/17 00:00:00+00,2,29.793349,-95.124442,976« Sheldon Road,
3198215.26451069,13840426.2061284,674,TCS-0680,Sheldon Rd @ Jacintoport Blvd,Traffic Control Signal,Active,2000/08/08 00:00:00+00,2,29.749454,-95.123882,15761« Jacinto Port Boulevard,
3197807.96545653,13848603.7258626,675,TCS-0681,Sheldon Rd @ Market St Rd,Traffic Control Signal,Active,1978/04/28 00:00:00+00,2,29.771967,-95.124311,100 Sheldon Road,
3195996.92544344,13871770.8681765,676,TCS-0682,Sheldon Rd @ Miller Rd 1,Traffic Control Signal,Active,1983/10/02 00:00:00+00,1,29.835806,-95.127599,8255 Sheldon Road,
3196566.17857003,13864891.6480111,677,TCS-0683,Sheldon Rd @ Newton Rd,Traffic Control Signal,Active,1991/03/08 00:00:00+00,2,29.816847,-95.126523,2430« Sheldon Road,
3197524.86694136,13854242.5492306,678,TCS-0684,Sheldon Rd @ Ridlon Ave,Traffic Control Signal,Active,1977/04/01 00:00:00+00,2,29.787491,-95.124614,730« Sheldon Road,
3196315.45105311,13866215.727712,679,TCS-0685,Sheldon Rd @ Wallisville Rd,Traffic Control Signal,Active,1978/02/16 00:00:00+00,2,29.820509,-95.127175,16875 Wallisville Road,
3197237.61029802,13861223.4657149,680,TCS-0686,Sheldon Rd @ Wood Dr,Traffic Control Signal,Active,1984/08/02 00:00:00+00,2,29.806704,-95.12479,15805« Wood Drive,
3197511.10187703,13854763.1092131,681,TCS-0687,Sheldon Rd @ Woodforest Blvd,Traffic Control Signal,Active,1977/04/01 00:00:00+00,2,29.788923,-95.124603,815 Sheldon Road,
3212103.73181245,13901094.8262608,682,TCS-0688,South Diamondhead Blvd @ Port O'Call St,Traffic Control Signal,Active,2014/01/07 00:00:00+00,3,29.914923,-95.07372,16104« Port O Call,
3009178.4398292,13845286.4614998,683,TCS-0689,South Fry Blvd @ Britannia Dr,Traffic Control Signal,Active,1996/08/01 00:00:00+00,4,29.778718,-95.718964,555« South Fry Boulevard,
3008369.19932169,13836105.9910156,684,TCS-0690,South Fry Blvd @ Highland Knolls Dr,Traffic Control Signal,Active,1999/10/25 00:00:00+00,4,29.753544,-95.722325,1995« S. Fry Blvd,
3009219.8587096,13844002.7517969,685,TCS-0691,South Fry Blvd @ Kingsland Blvd,Traffic Control Signal,Active,1988/02/12 00:00:00+00,4,29.775186,-95.718947,801« S. Fry Blvd,
3010283.59247452,13840061.2337613,686,TCS-0692,South Fry Blvd @ Shillington Dr. & Greenwood Chase Dr.,Traffic Control Signal,Active,1998/02/12 00:00:00+00,4,29.764269,-95.715944,1602« S. Fry Blvd,
3009037.82396869,13837187.6998102,687,TCS-0693,South Fry Blvd @ Stonelodge Dr,Traffic Control Signal,Active,1999/05/04 00:00:00+00,4,29.756466,-95.720123,1825« S. Fry Blvd,
3006218.92934403,13833372.7435293,688,TCS-0694,South Fry Blvd @ Westgreen Blvd & Domineco Ln,Traffic Control Signal,Active,2002/02/11 00:00:00+00,4,29.746196,-95.72934,2445« South Fry Blvd,
3005251.93554311,13830500.6170558,689,TCS-0695,South Fry Blvd @ Westheimer Pkwy,Traffic Control Signal,Active,1999/05/04 00:00:00+00,4,29.738375,-95.732639,20604« Westheimer Pkwy,
3009123.3592307,13846480.2990071,690,TCS-0696,South Fry Blvd @ Yorkway Dr,Traffic Control Signal,Active,1995/12/09 00:00:00+00,4,29.782004,-95.719032,250« S. Fry Blvd,
3010316.51727745,13839759.1303629,691,TCS-0697,South Fry Rd @ Greenwind Chase Dr,Traffic Control Signal,Active,2016/04/07 00:00:00+00,4,29.763436,-95.715867,N/A,
3162247.19569895,13810431.9737942,692,TCS-0698,South Richey St @ Forest Oaks Blvd,Traffic Control Signal,Active,1977/01/10 00:00:00+00,2,29.670241,-95.240214,3500 S Richey St,
3214993.77721344,13772195.4357661,693,TCS-0699,Space Center Blvd @ East Linkage Rd,Traffic Control Signal,Active,1991/07/03 00:00:00+00,2,29.56038,-95.078244,19120 Space Center Blvd,
3209681.15332428,13777510.9277598,694,TCS-0700,Space Center Blvd @ Middlebrook Dr,Traffic Control Signal,Active,1991/07/03 00:00:00+00,2,29.575479,-95.094388,17303« Space Center Blvd,
3206833.60816637,13775685.5783921,695,TCS-0701,Space Center Blvd @ West Linkage Rd,Traffic Control Signal,Active,1991/07/03 00:00:00+00,2,29.570723,-95.103533,16920 Space Center Blvd,
3085232.9015651,13914892.1690729,696,TCS-0702,Spears Rd @ Antoine Dr,Traffic Control Signal,Active,2012/09/26 00:00:00+00,1,29.96396,-95.472704,3011« Spears Rd,
3096630.54642069,13915741.6890274,697,TCS-0703,Spears Rd @ Spears Gears Rd,Traffic Control Signal,Active,2001/08/26 00:00:00+00,1,29.965345,-95.436644,1203« Spears Road,
3170149.71303035,13808653.5839783,698,TCS-0704,Spencer Hwy @ Allen Genoa Rd,Traffic Control Signal,Active,1980/08/28 00:00:00+00,2,29.664652,-95.215523,1202« Spencer Highway,
3223834.70506962,13810565.2550237,699,TCS-0705,Spencer Hwy @ Bay Area Blvd & Sens Rd,Traffic Control Signal,Active,2006/03/29 00:00:00+00,2,29.665023,-95.04637,11902 Spencer,
3201511.73527995,13809371.7160722,700,TCS-0706,Spencer Hwy @ Cunningham Dr,Traffic Control Signal,Active,2018/09/19 00:00:00+00,2,29.663799,-95.116748,8100 Spencer Highway,
3219728.6857226,13810338.5743747,701,TCS-0707,Spencer Hwy @ Driftwood Dr,Traffic Control Signal,Active,1999/09/02 00:00:00+00,2,29.664781,-95.059316,11045 Spencer Highway,
3207409.3009126,13809685.2331617,702,TCS-0708,Spencer Hwy @ East Blvd & Canada Rd,Traffic Control Signal,Active,1999/02/04 00:00:00+00,2,29.664121,-95.098155,8975« Spencer Highway,
3168134.01660244,13808553.4627874,703,TCS-0709,Spencer Hwy @ Eighth St,Traffic Control Signal,Active,1976/12/16 00:00:00+00,2,29.664556,-95.221877,810« Spencer Highway,
3216125.74246919,13810147.0823036,704,TCS-0710,Spencer Hwy @ Farrington Blvd,Traffic Control Signal,Active,1984/12/27 00:00:00+00,2,29.664588,-95.070675,10400 Spencer Highway,
3202766.38040845,13809443.6096292,705,TCS-0711,Spencer Hwy @ Luella Ave & Abshier Dr,Traffic Control Signal,Active,1976/08/12 00:00:00+00,2,29.663882,-95.112792,8203 Spencer Highway,
3203372.62329045,13809473.2316172,706,TCS-0712,Spencer Hwy @ Luella Dr,Traffic Control Signal,Active,2018/12/06 00:00:00+00,2,29.663908,-95.110881,8455« Spencer Highway,
3212149.40265286,13809937.2434844,707,TCS-0713,Spencer Hwy @ Myrtle Creek Dr,Traffic Control Signal,Active,1994/09/15 00:00:00+00,2,29.664378,-95.083211,1202« Spencer Highway,
3227128.25917803,13810743.3668722,708,TCS-0714,Spencer Hwy @ North 16th St,Traffic Control Signal,Active,1994/11/01 00:00:00+00,2,29.665206,-95.035986,1625« Spencer Hwy,
3171185.44357045,13808706.0441752,709,TCS-0715,Spencer Hwy @ Perez Rd,Traffic Control Signal,Active,1976/12/08 00:00:00+00,2,29.664704,-95.212258,1419 Spencer Highway,
3208972.11438803,13809767.9872613,710,TCS-0716,Spencer Hwy @ Ridgefield Rd,Traffic Control Signal,Active,2018/03/19 00:00:00+00,2,29.664205,-95.093228,9401« Spencer Highway,
3205689.40507419,13809596.2175917,711,TCS-0717,Spencer Hwy @ Somerton Dr,Traffic Control Signal,Active,2000/02/02 00:00:00+00,2,29.664034,-95.103577,8913 Spencer Highway,
3164372.26198687,13808366.6003003,712,TCS-0718,Spencer Hwy @ Texas Ave & York Ave,Traffic Control Signal,Active,1976/12/16 00:00:00+00,2,29.664376,-95.233735,50 Spencer Highway,
3210979.82133061,13809878.0664374,713,TCS-0719,Spencer Hwy @ Underwood Rd,Traffic Control Signal,Active,1977/03/28 00:00:00+00,2,29.664323,-95.086898,9641 Spencer Highway,
3213978.2546382,13810036.3997822,714,TCS-0720,Spencer Hwy @ Valley Brook Dr,Traffic Control Signal,Active,1994/10/27 00:00:00+00,2,29.664482,-95.077445,10200 Spencer Hwy,
3052515.40072727,13933855.7013557,715,TCS-0721,Spring Cypress Rd @ Cutten Rd,Traffic Control Signal,Active,2010/06/18 00:00:00+00,3,30.018757,-95.574231,10027« Spring Cypress Rd,
3065440.51529695,13944820.0488495,716,TCS-0722,Spring Cypress Rd @ Doerre Rd,Traffic Control Signal,Active,2004/08/16 00:00:00+00,3,30.047846,-95.532381,7132« Spring Cypress Rd,
3082718.56571452,13949451.5113714,717,TCS-0723,Spring Cypress Rd @ Ella Blvd,Traffic Control Signal,Active,2001/07/30 00:00:00+00,3,30.059156,-95.477354,4702 Spring Cypress Road,
3055948.85809919,13936975.1042376,718,TCS-0724,Spring Cypress Rd @ Gleannloch Lakes Blvd,Traffic Control Signal,Active,2000/07/25 00:00:00+00,3,30.027054,-95.563097,9130« Spring Cypress Road,
3033190.81667311,13928075.6003831,719,TCS-0725,Spring Cypress Rd @ Grant Rd,Traffic Control Signal,Active,2018/11/19 00:00:00+00,3,30.004412,-95.635793,14040« Spring Cypress Rd,
3026654.24444444,13920721.3821519,720,TCS-0726,Spring Cypress Rd @ Huffmeister Rd,Traffic Control Signal,Active,2006/05/25 00:00:00+00,3,29.984713,-95.6571,15203« Spring Cypress Road,
3048913.14579269,13932279.0388266,721,TCS-0727,Spring Cypress Rd @ Hufsmith Kohrville Rd,Traffic Control Signal,Active,1998/05/19 00:00:00+00,3,30.014713,-95.585754,10745« Hufsmith Korhville Road,
3075165.83541319,13944278.7782785,722,TCS-0728,Spring Cypress Rd @ Klein Church Rd,Traffic Control Signal,Active,2005/03/08 00:00:00+00,3,30.045562,-95.501707,5235« Spring Cypress Rd,
3091283.82712728,13952694.7817877,723,TCS-0729,Spring Cypress Rd @ Louetta Glen Rd,Traffic Control Signal,Active,1998/09/01 00:00:00+00,3,30.067358,-95.44998,2319« Spring Cypress Rd,
3030354.01394777,13924884.2114247,724,TCS-0730,Spring Cypress Rd @ Louetta Rd,Traffic Control Signal,Active,2009/11/17 00:00:00+00,3,29.995864,-95.645041,14526« Louetta Rd,
3085063.35039502,13950786.5667721,725,TCS-0731,Spring Cypress Rd @ Normandy Forest Dr,Traffic Control Signal,Active,2009/02/05 00:00:00+00,3,30.062631,-95.469818,3307« Spring Cypress Rd,
3053539.98660462,13935279.5390592,726,TCS-0732,Spring Cypress Rd @ Old Louetta Rd & Memorial Falls Dr,Traffic Control Signal,Active,2005/10/21 00:00:00+00,3,30.022588,-95.570863,9750« Spring Cypress Rd,
3101036.19640203,13957417.6184706,727,TCS-0733,Spring Cypress Rd @ Preston Ave,Traffic Control Signal,Active,1979/09/06 00:00:00+00,3,30.079521,-95.418707,26502 Preston Avenue,
3017222.86895028,13916355.3757921,728,TCS-0734,Spring Cypress Rd @ Skinner Rd,Traffic Control Signal,Active,2008/08/25 00:00:00+00,3,29.97345,-95.68727,13680« Skinner Road,
3070308.37990503,13945722.2406147,729,TCS-0735,Spring Cypress Rd @ T C Jester Blvd,Traffic Control Signal,Active,2010/02/06 00:00:00+00,3,30.049928,-95.516917,19510« T C Jester Boulevard,
3039059.31445053,13931206.026865,730,TCS-0736,Spring Cypress Rd @ Village Creek Trail,Traffic Control Signal,Active,2009/11/19 00:00:00+00,3,30.012551,-95.616974,12430« Spring Cypress Rd,
3050832.45133728,13932400.2603689,731,TCS-0737,Spring Cypress Rd @ Windwood Presbyterian Church Drwy,Traffic Control Signal,Active,2011/04/08 00:00:00+00,3,30.014892,-95.579681,10501« Spring Cypress Rd,
3082946.49734528,13958111.8946411,732,TCS-0738,Spring Stuebner Rd @ Falvel Dr,Traffic Control Signal,Active,1999/03/02 00:00:00+00,3,30.08294,-95.475809,3902« Spring Stuebner Rd,
3073072.55416669,13958170.3243143,733,TCS-0739,Spring Stuebner Rd @ Gosling Rd,Traffic Control Signal,Active,2002/06/06 00:00:00+00,3,30.083915,-95.507009,5633« Spring Stuebner Rd,
3068165.87959686,13958513.0529595,734,TCS-0740,Spring Stuebner Rd @ Grand Parkway Marketplace,Traffic Control Signal,Active,2017/03/09 00:00:00+00,3,30.085259,-95.522484,6607« Spring Stuebner Road,
3090877.04841328,13958338.334805,735,TCS-0741,Spring Stuebner Rd @ Holzwarth Rd,Traffic Control Signal,Active,2014/11/20 00:00:00+00,3,30.082903,-95.450724,2217« Spring Stuebner Road,
3070244.73830003,13958341.3617018,736,TCS-0742,Spring Stuebner Rd @ Northcrest Dr,Traffic Control Signal,Active,2010/03/11 00:00:00+00,3,30.084617,-95.51593,21920« Northcrest Drive,
3076314.13593811,13958130.8732777,737,TCS-0743,Spring Stuebner Rd @ Rhodes Rd,Traffic Control Signal,Active,2014/05/12 00:00:00+00,3,30.08354,-95.496768,5055« Spring Stuebner Rd,
3084152.13568203,13958035.8295045,738,TCS-0744,Spring Stuebner Rd @ Roseville Dr,Traffic Control Signal,Active,2015/01/07 00:00:00+00,3,30.082631,-95.472006,3599« Spring Stuebner Rd,
3077504.94851711,13958242.2516638,739,TCS-0745,Spring Stuebner Rd @ Rothwood Rd,Traffic Control Signal,Active,1999/07/01 00:00:00+00,3,30.083748,-95.492994,4801« Spring Stuebner Road,
3092785.80837528,13958418.1601047,740,TCS-0746,Spring Stuebner Rd @ Spring Plaza Dr,Traffic Control Signal,Active,2016/10/04 00:00:00+00,3,30.082963,-95.444684,2003« Spring Stuebner Rd,
3094188.52308953,13966438.8556774,741,TCS-0747,Springwoods Village Pkwy @ Energy Dr,Traffic Control Signal,Active,2014/05/14 00:00:00+00,3,30.10489,-95.439479,23403« Springwoods Village Pkwy,
3090757.12378436,13963351.7204475,742,TCS-0748A,Springwoods Village Pkwy @ Holzwarth Rd (Eastside),Traffic Control Signal,Active,2014/05/21 00:00:00+00,3,30.096692,-95.450622,Same as below,
3090368.79516469,13963158.0118454,743,TCS-0748B,Springwoods Village Pkwy @ Holzwarth Rd (Westside),Traffic Control Signal,Active,2014/05/22 00:00:00+00,3,30.096192,-95.451868,22520« Springwoods Village Parkway,
3093180.74492136,13964739.9483141,744,TCS-0749,Springwoods Village Pkwy @ Lake Plaza Dr,Traffic Control Signal,Active,2014/05/14 00:00:00+00,3,30.100305,-95.442828,23102« Springwoods Village Pkwy,
3092187.88765511,13964129.0578036,745,TCS-0750,Springwoods Village Pkwy @ Spring Pine Forest Dr,Traffic Control Signal,Active,2014/05/14 00:00:00+00,3,30.098709,-95.446025,22840« Springwoods Village Pkwy,
3064246.31230478,13941025.5761235,746,TCS-0751,Stuebner Airline Rd @ Creekfield Dr,Traffic Control Signal,Active,2002/11/07 00:00:00+00,3,30.037514,-95.536509,18207« Stuebner Airline Road,
3071380.88136895,13931446.6461344,747,TCS-0752,Stuebner Airline Rd @ Cypresswood Dr,Traffic Control Signal,Active,1979/08/14 00:00:00+00,3,30.010603,-95.514873,15998 Stuebner Airline Road,
3061050.51489061,13949913.9641866,748,TCS-0753,Stuebner Airline Rd @ Emerald Mist Pkwy,Traffic Control Signal,Active,2016/11/21 00:00:00+00,3,30.062204,-95.545775,19929« Stuebner Airline Road,
3075853.85569069,13924798.5324622,749,TCS-0754,Stuebner Airline Rd @ Fernglade Dr,Traffic Control Signal,Active,2017/06/19 00:00:00+00,3,29.991963,-95.501375,4489« Fernglade Drive,
3068442.78553911,13935152.4300614,750,TCS-0755,Stuebner Airline Rd @ Louetta Rd,Traffic Control Signal,Active,1976/12/14 00:00:00+00,3,30.021029,-95.523804,16755« Stuebner Airline Road,
3069997.84804578,13933635.6988429,751,TCS-0756,Stuebner Airline Rd @ Lyons School Rd & Wimbledon Estates Dr,Traffic Control Signal,Active,1998/07/06 00:00:00+00,3,30.016733,-95.519035,16407« Stuebner Airline Rd,
3074199.39049569,13927279.4622116,752,TCS-0757,Stuebner Airline Rd @ Mittlestedt Rd & Brightwood Dr,Traffic Control Signal,Active,1991/04/02 00:00:00+00,3,29.998918,-95.506365,14903« Stuebner Airline Road,
3067616.44500019,13935887.5398117,753,TCS-0758,Stuebner Airline Rd @ Oakwood Glen Blvd,Traffic Control Signal,Active,1989/02/22 00:00:00+00,3,30.023117,-95.526345,17030« Stuebner Airline Road,
3063528.50665377,13944046.6478373,754,TCS-0759,Stuebner Airline Rd @ Spring Cypress Rd,Traffic Control Signal,Active,1985/08/19 00:00:00+00,3,30.045876,-95.538494,18730« Stuebner Airline Road,
3073114.27980502,13928918.830652,755,TCS-0760,Stuebner Airline Rd @ Strack Rd,Traffic Control Signal,Active,1986/03/31 00:00:00+00,3,30.003513,-95.509637,4501« Strack Road,
3069105.21728511,13951499.3566851,756,TCS-0762,T C Jester Blvd @ Alvin A Klein Dr,Traffic Control Signal,Active,2016/03/28 00:00:00+00,3,30.065905,-95.520175,20902« T C Jester Boulevard,
3079555.52742119,13931166.2214984,757,TCS-0763,T C Jester Blvd @ Aspen Bend Dr,Traffic Control Signal,Active,2015/09/10 00:00:00+00,3,30.00916,-95.489083,15439« T C Jester Boulevard,
3082892.71923761,13926359.9975151,758,TCS-0764,T C Jester Blvd @ Bammel North Houston Rd,Traffic Control Signal,Active,2017/02/23 00:00:00+00,1,29.995674,-95.479001,15501« Bammel North Houston Road,
3072209.84001286,13942408.4066912,759,TCS-0765,T C Jester Blvd @ Center Court Dr,Traffic Control Signal,Active,2016/08/02 00:00:00+00,3,30.040664,-95.511222,18902« T C Jester Boulevard,
3080408.07394445,13929981.7399435,760,TCS-0766,T C Jester Blvd @ Chapel Bend Dr,Traffic Control Signal,Active,2015/09/09 00:00:00+00,3,30.005834,-95.486503,3323« Chapel Bend Drive,
3085137.16323952,13922695.1534669,761,TCS-0767,T C Jester Blvd @ Eddie Smith Rd,Traffic Control Signal,Active,2016/05/12 00:00:00+00,1,29.985415,-95.472263,13950« TC Jester Boulevard,
3091068.29704653,13908536.5748287,762,TCS-0768,T C Jester Blvd @ Gears Rd,Traffic Control Signal,Active,1995/09/01 00:00:00+00,1,29.946006,-95.454892,14535« T C Jester Boulevard,
3076443.04873803,13936521.2150535,763,TCS-0769,T C Jester Blvd @ Glenmere Lane,Traffic Control Signal,Active,2015/09/15 00:00:00+00,3,30.024135,-95.498406,17805« T C Jester Boulevard,
3078164.99542536,13932395.3420717,764,TCS-0770,T C Jester Blvd @ Kennonview Dr,Traffic Control Signal,Active,2015/09/11 00:00:00+00,3,30.012653,-95.493358,15837« T C Jester Boulevard,
3068754.69534837,13948963.5658249,765,TCS-0771,T C Jester Blvd @ Pinelakes Blvd,Traffic Control Signal,Active,2016/09/27 00:00:00+00,3,30.058964,-95.521521,20202« T C Jester Boulevard,
3091537.20063628,13910595.1225488,766,TCS-0772,T C Jester Blvd @ Ridge Hollow Dr,Traffic Control Signal,Active,2012/09/12 00:00:00+00,1,29.951625,-95.453215,11529« T C Jester Blvd,
3086146.19435795,13920987.2490743,767,TCS-0773,T C Jester Blvd @ Sablechase Dr,Traffic Control Signal,Active,2016/05/12 00:00:00+00,1,29.980637,-95.46924,3402« T C Jester Boulevard,
3088020.38581952,13919205.4796719,768,TCS-0774,T C Jester Blvd @ Silverglen North Dr,Traffic Control Signal,Active,2016/03/16 00:00:00+00,1,29.975584,-95.463493,2633« Silverglen North Drive,
3091223.61858627,13915418.2989261,769,TCS-0775,T C Jester Blvd @ Spears Rd,Traffic Control Signal,Active,1994/03/18 00:00:00+00,1,29.964908,-95.453743,2226« Spears Road,
3074424.18236895,13940372.6998046,770,TCS-0776,T C Jester Blvd @ Spring Creek Oaks Drive,Traffic Control Signal,Active,2016/10/11 00:00:00+00,3,30.034887,-95.504419,18323« T C Jester Boulevard,
3068574.85384452,13953295.8275016,771,TCS-0777,T C Jester Blvd @ Springbrook Hollow Lane,Traffic Control Signal,Active,2016/03/29 00:00:00+00,3,30.070886,-95.521682,21302« T C Jester Boulevard,
3091109.09978645,13909803.1907338,772,TCS-0778,T C Jester Blvd @ West Greens Rd,Traffic Control Signal,Active,2012/10/18 00:00:00+00,1,29.949484,-95.454642,1945« West Greens Road,
3074220.96164678,13940636.9502604,773,TCS-0779,T C Jester Blvd @ Winding Ridge Dr,Traffic Control Signal,Active,2016/08/24 00:00:00+00,3,30.03563,-95.505036,18400« T C Jester Boulevard,
3050758.24151194,13872635.7309481,774,TCS-0780,Tanner Rd @ Brittmoore Park Dr,Traffic Control Signal,Active,2007/02/08 00:00:00+00,3,29.850624,-95.585428,11902« Tanner Rd,
3048551.10681862,13872621.1781557,775,TCS-0781,Tanner Rd @ Ginger Ponds Dr,Traffic Control Signal,Active,2006/05/17 00:00:00+00,3,29.850761,-95.592389,12139« Tanner Road,
3029595.60470344,13904540.1185828,776,TCS-0782,Telge Rd @ Arnold Junior High School Entrance,Traffic Control Signal,Active,1994/04/11 00:00:00+00,3,29.940004,-95.649277,11519« Telge Road,
3028354.35521744,13917071.1781663,777,TCS-0783,Telge Rd @ Coles Crossing Dr North,Traffic Control Signal,Active,2014/04/09 00:00:00+00,3,29.974546,-95.652062,13623« Telge Road,
3029230.94729628,13911140.3868783,778,TCS-0784,Telge Rd @ Cricket Hollow Dr,Traffic Control Signal,Active,2004/04/05 00:00:00+00,3,29.958175,-95.649831,12602« Telge Road,
3028161.99766253,13917904.250319,779,TCS-0785,Telge Rd @ Huffmeister Rd,Traffic Control Signal,Active,2006/05/25 00:00:00+00,3,29.976851,-95.652594,13939« Telge Rd,
3027758.48961128,13919685.5525307,780,TCS-0786,Telge Rd @ Huffmeister Rd & Tin Hall Rd,Traffic Control Signal,Active,2008/01/10 00:00:00+00,3,29.981779,-95.653707,14155« Telge Rd,
3029056.47159536,13913382.2626439,781,TCS-0787,Telge Rd @ Jarvis Rd,Traffic Control Signal,Active,1996/09/17 00:00:00+00,3,29.964351,-95.650179,14925« Jarvis Road,
3027803.58794628,13923067.0047573,782,TCS-0788,Telge Rd @ Spring Cypress Rd (East),Traffic Control Signal,Active,2005/11/22 00:00:00+00,3,29.99107,-95.653259,14450« Telge Rd,
3027466.82352795,13921123.35018,783,TCS-0789,Telge Rd @ Spring Cypress Rd (West),Traffic Control Signal,Active,2005/11/22 00:00:00+00,3,29.985754,-95.654498,14940« Spring Cypress Rd,
3030194.64123502,13896310.5904224,784,TCS-0790,Telge Rd @ Tuckerton Rd,Traffic Control Signal,Active,2008/04/28 00:00:00+00,3,29.917336,-95.648131,16010« Tuckerton Road,
3029836.70330261,13892853.6747641,785,TCS-0791,Telge Rd @ West Rd,Traffic Control Signal,Active,1999/05/03 00:00:00+00,3,29.907862,-95.649573,8703« Telge Road,
3198565.00954612,13764302.5168407,786,TCS-0792,Texas Ave @ Blossom St,Traffic Control Signal,Active,2004/11/22 00:00:00+00,2,29.54019,-95.130716,17200 North Texas Avenue,
3198984.37747377,13763820.1552726,787,TCS-0793,Texas Ave @ Medical Center Blvd,Traffic Control Signal,Active,1995/06/04 00:00:00+00,2,29.538826,-95.129448,17240« Texas Avenue,
3202025.70636486,13827736.3374794,788,TCS-0794,Tidal Rd @ Lubrizol Plant Entrance,Traffic Control Signal,Active,1997/01/30 00:00:00+00,2,29.714228,-95.113209,595 Tidal Road,
3171492.08698602,13876811.5913628,789,TCS-0795,Tidwell Rd @ Deep Valley Dr,Traffic Control Signal,Active,2017/12/12 00:00:00+00,1,29.851869,-95.204334,8700« Deep Valley Drive,
3173217.9050567,13877109.6147169,790,TCS-0796,Tidwell Rd @ Van Hut Ln,Traffic Control Signal,Active,2018/02/14 00:00:00+00,1,29.852534,-95.198862,8909« Van Hut Lane,
3173324.83725753,13928371.7231504,791,TCS-0797,Timber Forest Dr @ Flax Bourton St,Traffic Control Signal,Active,2014/08/21 00:00:00+00,3,29.993414,-95.193262,18655« Timber Forest Dr,
3121610.82487211,13943907.182565,792,TCS-0798,Treaschwig Rd @ Banquo Dr,Traffic Control Signal,Active,2017/07/06 00:00:00+00,3,30.040641,-95.355019,5012« Treaschwig Rd,
3119242.36930719,13942308.1828103,793,TCS-0799,Treaschwig Rd @ Birnam Wood Blvd,Traffic Control Signal,Active,1988/11/28 00:00:00+00,3,30.036449,-95.362658,4415 Treaschwig Road,
3007357.62096427,13898608.2341211,794,TCS-0801,Tuckerton Rd @ Cypress Creek Bend Dr,Traffic Control Signal,Active,2017/03/30 00:00:00+00,3,29.925432,-95.719988,20420 1/2 Tuckerton Rd,
3034534.85040236,13896377.7904193,795,TCS-0802,Tuckerton Rd @ Point Park Dr,Traffic Control Signal,Active,2017/07/08 00:00:00+00,3,29.917178,-95.63443,15503« Tuckerton Road,
3020879.34556119,13896381.5876558,796,TCS-0803,Tuckerton Rd @ Red Rugosa Dr,Traffic Control Signal,Active,2016/06/28 00:00:00+00,3,29.918262,-95.677518,17150« Tuckerton Road,
3010186.10972986,13898295.5172268,797,TCS-0804,Tuckerton Rd @ Sawmill Creek Dr,Traffic Control Signal,Active,2017/03/30 00:00:00+00,3,29.924354,-95.71109,19460 1/2 Tuckerton Rd,
3016830.81002311,13897174.8042452,798,TCS-0805,Tuckerton Rd @ Towne Lake Pkwy,Traffic Control Signal,Active,2014/07/08 00:00:00+00,3,29.920758,-95.690222,9755« Towne Lake Parkway,
3210589.5271637,13813621.9149209,799,TCS-0806,Underwood Rd @ North H St & Aaron St,Traffic Control Signal,Active,2013/01/11 00:00:00+00,2,29.674649,-95.087732,2201« Underwood Rd,
3210327.07460462,13817372.9628649,800,TCS-0807,Underwood Rd @ North P St,Traffic Control Signal,Active,2000/01/24 00:00:00+00,2,29.684983,-95.088163,2912 Underwood Road,
3211171.78092045,13806896.3607867,801,TCS-0808,Underwood Rd @ Rustic Gate Rd,Traffic Control Signal,Active,2004/09/08 00:00:00+00,2,29.65611,-95.086608,3703« Underwood Road,
3178527.19594727,13871300.390771,802,TCS-0809,Uvalde St @ New Forest Town Center,Traffic Control Signal,Design,,2,29.836092,-95.18272,,
3178918.9487727,13862217.6487659,803,TCS-0810,Uvalde St @ Cravens,Traffic Control Signal,Active,1978/06/08 00:00:00+00,2,29.811093,-95.18242,5803 Uvalde Street,
3178819.5611762,13857370.320206,804,TCS-0811,Uvalde St @ Freeport St,Traffic Control Signal,Active,1979/02/07 00:00:00+00,2,29.797779,-95.183232,202« Uvalde Street,
3177730.4767402,13854169.4401249,805,TCS-0812,Uvalde St @ Holly Park Dr,Traffic Control Signal,Active,1977/01/13 00:00:00+00,2,29.789079,-95.186993,13401 Holly Park Drive,
3178786.7203626,13865266.2706214,806,TCS-0813,Uvalde St @ New Forest Pkwy,Traffic Control Signal,Active,2004/01/29 00:00:00+00,2,29.819484,-95.182523,6601« Uvalde Street,
3179041.70836969,13859400.8512499,807,TCS-0814,Uvalde St @ North Thorne Tree Dr,Traffic Control Signal,Active,1983/11/02 00:00:00+00,2,29.80334,-95.182323,74 Uvalde Street,
3178997.69664669,13860427.9722272,808,TCS-0815,Uvalde St @ Wallisville Rd,Traffic Control Signal,Active,1978/01/05 00:00:00+00,2,29.806167,-95.182356,14761« Uvalde Street,
3177674.21832253,13855174.3282069,809,TCS-0816,Uvalde St @ Woodforest Blvd,Traffic Control Signal,Active,2006/12/14 00:00:00+00,2,29.791846,-95.187067,403« Uvalde Street,
3083601.60955212,13913845.3860614,810,TCS-0817,Veterans Memorial Dr @ Antoine Dr,Traffic Control Signal,Active,1986/07/30 00:00:00+00,1,29.961218,-95.477953,12102« Veterans Memorial Dr,
3079031.07702653,13920268.0743315,811,TCS-0818,Veterans Memorial Dr @ Bammel North Houston Rd,Traffic Control Signal,Active,1976/12/09 00:00:00+00,1,29.979249,-95.491772,13150 Veterans Memorial Drive,
3098130.19204344,13893536.6684768,812,TCS-0819,Veterans Memorial Dr @ Blue Bell Rd,Traffic Control Signal,Active,1982/05/26 00:00:00+00,2,29.904187,-95.434048,9700 Veterans Memorial Drive,
3093845.42567861,13899467.1083876,813,TCS-0820,Veterans Memorial Dr @ Fallbrook Dr,Traffic Control Signal,Active,1999/09/14 00:00:00+00,2,29.920846,-95.446997,10190« Veterans Memorial Drive,
3077975.31043728,13921707.3503243,814,TCS-0821,Veterans Memorial Dr @ Fountainhead Dr,Traffic Control Signal,Active,1981/03/03 00:00:00+00,1,29.983292,-95.494969,13600 Veterans Memorial Drive,
3093248.77792178,13900297.7760176,815,TCS-0822,Veterans Memorial Dr @ Frick Rd,Traffic Control Signal,Active,1976/12/14 00:00:00+00,2,29.923179,-95.4488,10299 Veterans Memorial Drive,
3087436.8974852,13908411.7246847,816,TCS-0823,Veterans Memorial Dr @ Gears Rd,Traffic Control Signal,Active,1980/07/30 00:00:00+00,1,29.945965,-95.466365,11300« Veterans Memorial Drive,
3085006.88298827,13911861.6147665,817,TCS-0824,Veterans Memorial Dr @ S Camden Pkwy,Traffic Control Signal,Active,1984/06/27 00:00:00+00,1,29.955649,-95.473706,11819 Veterans Memorial Drive,
3080862.81023969,13917622.0527207,818,TCS-0825,Veterans Memorial Dr @ Sableridge Dr & Black Pool Place,Traffic Control Signal,Active,1986/05/05 00:00:00+00,1,29.971825,-95.48624,12726« Veterans Memorial Drive,
3082755.73001027,13914951.4038625,819,TCS-0826,Veterans Memorial Dr @ Spears Rd,Traffic Control Signal,Active,1982/04/06 00:00:00+00,1,29.964328,-95.480518,3454 Spears Road,
3090717.65601553,13903797.3431654,820,TCS-0827,Veterans Memorial Dr @ T C Jester Blvd,Traffic Control Signal,Active,1982/12/07 00:00:00+00,2,29.933009,-95.456452,10601 Veterans Memorial Drive,
3086756.64917378,13909386.5892048,821,TCS-0828,Veterans Memorial Dr @ West Greens Rd,Traffic Control Signal,Active,1999/04/29 00:00:00+00,1,29.948701,-95.468419,11503« Veterans Memorial Drive,
3095472.10155912,13897210.6795015,822,TCS-0829,Veterans Memorial Dr @ West Rd,Traffic Control Signal,Active,1981/10/20 00:00:00+00,2,29.914508,-95.442081,10098« Veterans Memorial Drive,
3081476.43762136,13916745.8572946,823,TCS-0830,Veterans Memorial Dr @ West Richey Rd,Traffic Control Signal,Active,2001/02/15 00:00:00+00,1,29.969366,-95.484386,12555« Veterans Memorial Drive,
3088977.73233002,13906254.6545238,824,TCS-0831,Veterans Memorial Dr @ Willow Tree Dr,Traffic Control Signal,Active,1984/06/27 00:00:00+00,1,29.939908,-95.461708,10770 Veterans Memorial Drive,
3112863.18455903,13931068.4572583,825,TCS-0832,W W Thorne Dr @ Greymoss Ln,Traffic Control Signal,Active,2019/03/28 00:00:00+00,1,30.006101,-95.383907,2803« W W Thorne Boulevard,
3186037.9719362,13861910.1372419,826,TCS-0833,Wallisville Rd @ Aldates Dr,Traffic Control Signal,Active,2009/10/21 00:00:00+00,1,29.809607,-95.160015,15626« Wallisville Rd,
3184003.27817094,13861238.6664719,827,TCS-0834,Wallisville Rd @ Black Rock Rd,Traffic Control Signal,Active,2002/10/22 00:00:00+00,1,29.807945,-95.166497,10127« Black Rock Rd,
3181869.72633569,13860589.9062865,828,TCS-0835,Wallisville Rd @ Castlegory Dr,Traffic Control Signal,Active,1999/06/02 00:00:00+00,1,29.806354,-95.173288,15110« Wallisville Road,
3191431.74658169,13864207.7822528,829,TCS-0836,Wallisville Rd @ Dell Dale St & Miller Rd 2,Traffic Control Signal,Active,2003/09/23 00:00:00+00,1,29.815434,-95.142777,16230« Wallisville Road,
3180307.20649485,13860496.2256996,830,TCS-0837,Wallisville Rd @ Evanston Ln,Traffic Control Signal,Active,1983/10/20 00:00:00+00,1,29.806237,-95.178222,13600« Wallisville Road,
3188833.71503235,13862969.1525123,831,TCS-0839,Wallisville Rd @ Hidden Park Dr,Traffic Control Signal,Active,2011/05/10 00:00:00+00,1,29.812265,-95.151094,16000« Wallisville Rd,
3175536.27181102,13860260.8911965,832,TCS-0840,Wallisville Rd @ Purple Sage St,Traffic Control Signal,Active,1983/02/28 00:00:00+00,2,29.806018,-95.193282,14401 Wallisville Road,
3192696.14497152,13864773.4497567,833,TCS-0841,Wallisville Rd @ Rancho Paloma Blvd,Traffic Control Signal,Active,2019/03/11 00:00:00+00,1,29.816874,-95.138733,,
3174009.80373536,13860180.2932606,834,TCS-0842,Wallisville Rd @ Wood Bend Dr,Traffic Control Signal,Active,1985/04/23 00:00:00+00,2,29.805933,-95.198101,14150« Wallisville Road,
3177397.88094869,13860183.6613641,835,TCS-0843,Wallisville Rd @ Woodforest North Dr,Traffic Control Signal,Active,1991/01/08 00:00:00+00,2,29.805639,-95.187423,14597« Wallisville Road,
3083184.54870644,13921917.7314653,836,TCS-0844,Walters Rd @ Briarchase Dr,Traffic Control Signal,Active,2005/08/05 00:00:00+00,1,29.98344,-95.478502,13855« Walters Road,
3084755.83460586,13919943.6750459,837,TCS-0845,Walters Rd @ Sablechase Dr,Traffic Control Signal,Active,2018/06/26 00:00:00+00,1,29.977884,-95.473729,13700 Walters Rd,
3087672.7178797,13915241.2733615,838,TCS-0846,Walters Rd @ Spears Rd,Traffic Control Signal,Active,1988/04/07 00:00:00+00,1,29.964717,-95.464969,3003« Spears Road,
3087084.21643202,13917439.5422589,839,TCS-0847,Walters Rd @ Wellington Pkwy,Traffic Control Signal,Active,2009/03/11 00:00:00+00,1,29.970808,-95.466617,12490« Walters Road,
3196965.99404337,13765545.8998526,840,TCS-0848,West Bay Area Blvd @ 711 Bay Area Driveway,Traffic Control Signal,Active,2001/10/08 00:00:00+00,2,29.543753,-95.135613,800« Bay Area Boulevard,
3193743.25409777,13763658.6464093,841,TCS-0849,West Bay Area Blvd @ Baybrook Square Dr,Traffic Control Signal,Active,2023/02/07 00:00:00+00,2,29.538858,-95.145939,1490« West Bay Area Boulevard,
3188656.7600057,13758980.4192172,842,TCS-0850,West Bay Area Blvd @ Fife Ln,Traffic Control Signal,Active,1982/03/18 00:00:00+00,2,29.526459,-95.16241,2740 West Bay Area Boulevard,
3188536.44856653,13760135.2066058,843,TCS-0851,West Bay Area Blvd @ Friendswood Link Rd,Traffic Control Signal,Active,1982/03/18 00:00:00+00,2,29.529644,-95.162669,2540 West Bay Area Boulevard,
3196165.43527703,13764924.6097566,844,TCS-0852,West Bay Area Blvd @ Gateway Dr & Gatebrook Dr,Traffic Control Signal,Active,1994/09/29 00:00:00+00,2,29.542118,-95.138194,991 Bay Area Boulevard,
3192262.45456594,13763335.5446933,845,TCS-0853,West Bay Area Blvd @ Glenwest Dr,Traffic Control Signal,Active,2001/02/02 00:00:00+00,2,29.538104,-95.150627,1560« W. Bay Area Blvd,
3198248.46523169,13766657.9301088,846,TCS-0854,West Bay Area Blvd @ Live Oak Dr,Traffic Control Signal,Active,2009/11/18 00:00:00+00,2,29.546693,-95.131466,401« W. Bay Area Blvd,
3193039.17086028,13763515.0200561,847,TCS-0855,West Bay Area Blvd @ Mall Way,Traffic Control Signal,Active,1994/09/21 00:00:00+00,2,29.538527,-95.148167,1518« West Bay Area Boulevard,
3188914.73291494,13761124.0937356,848,TCS-0856,West Bay Area Blvd @ Pilgrims Point Dr,Traffic Control Signal,Active,2016/12/29 00:00:00+00,2,29.532328,-95.161378,2502 West Bay Area Boulevard,
3197250.16211019,13765793.5925987,849,TCS-0857,West Bay Area Blvd @ Texas Ave,Traffic Control Signal,Active,1986/01/21 00:00:00+00,2,29.544408,-95.134694,700 West Bay Area Boulevard,
3068814.90881062,13911597.6300583,850,TCS-0858,West Greens Rd @ Cutten Rd,Traffic Control Signal,Active,2014/04/28 00:00:00+00,1,29.956256,-95.52484,11927« Cutten Rd,
3074868.08174361,13907340.1802399,851,TCS-0859,Hollister St @ Greens Bayou Basin Rd,Traffic Control Signal,Active,2012/09/10 00:00:00+00,1,29.944058,-95.506135,14450« Hollister Street,
3183472.74904828,13925543.4420616,852,TCS-0860,West Lake Houston Pkwy @ Aerobic Dr,Traffic Control Signal,Active,2010/12/22 00:00:00+00,3,29.984729,-95.161515,18355« West Lake Houston Parkway,
3181524.68109402,13917097.7693204,853,TCS-0861,West Lake Houston Pkwy @ Breakwater Path Dr,Traffic Control Signal,Active,2010/12/22 00:00:00+00,3,29.961693,-95.168539,16335« West Lake Houston Parkway,
3179325.3633142,13905712.9079039,854,TCS-0862,West Lake Houston Pkwy @ Deussen Pkwy,Traffic Control Signal,Active,2005/12/21 00:00:00+00,1,29.930601,-95.176656,14107« West Lake Houston Parkway,
3181422.62585194,13918075.3743206,855,TCS-0863,West Lake Houston Pkwy @ Edge Lake Blvd & West Lake Houston Loop Rd,Traffic Control Signal,Active,2017/03/02 00:00:00+00,1,29.964389,-95.16876,16603 « West Lake Houston Parkway,
3180913.27942969,13933772.5542123,856,TCS-0864,West Lake Houston Pkwy @ Firesign Dr,Traffic Control Signal,Active,2003/01/07 00:00:00+00,3,30.007576,-95.168744,20003« West Lake Houston Parkway,
3179779.74298286,13934028.3306036,857,TCS-0866,West Lake Houston Pkwy @ Kings Park Way,Traffic Control Signal,Active,2010/06/10 00:00:00+00,3,30.008381,-95.172297,20035« West Lake Houston Parkway,
3177126.2771612,13937392.7500558,858,TCS-0867,West Lake Houston Pkwy @ Kings River Dr & Kings Lake Estates Boulevard,Traffic Control Signal,Active,2002/08/23 00:00:00+00,3,30.017866,-95.180329,21102« West Lake Houston Parkway,
3180707.11908086,13915390.3478665,859,TCS-0868,West Lake Houston Pkwy @ Lakeshore Landing Dr,Traffic Control Signal,Active,2011/08/30 00:00:00+00,3,29.957074,-95.171296,15902« WestLake Houston Parkway,
3179580.76569052,13910741.6603135,860,TCS-0869,West Lake Houston Pkwy @ Lakewood Pines Dr,Traffic Control Signal,Active,2016/10/19 00:00:00+00,3,29.944399,-95.175331,15495« WestLake Houston Parkway,
3183327.92781562,13928362.5860296,861,TCS-0870,West Lake Houston Pkwy @ Lonesome Woods Trail,Traffic Control Signal,Active,1999/09/17 00:00:00+00,3,29.99249,-95.16168,18835« West Lake Houston Parkway,
3180636.76718745,13920208.3743197,862,TCS-0871,West Lake Houston Pkwy @ Madera Run Pkwy,Traffic Control Signal,Active,2014/11/11 00:00:00+00,3,29.970322,-95.17102,16870« West Lake Houston Parkway,
3181184.45834927,13922945.7684512,863,TCS-0872,West Lake Houston Pkwy @ Merrylands Dr & Atascocita High Drwy,Traffic Control Signal,Active,2020/01/29 00:00:00+00,3,29.977796,-95.169008,17750« West Lake Houston Parkway,
3182209.49862203,13932747.8554743,864,TCS-0873,West Lake Houston Pkwy @ Pine Cup Dr,Traffic Control Signal,Active,2002/10/29 00:00:00+00,3,30.004643,-95.164757,19749« West Lake Houston Parkway,
3179514.29567911,13908414.4828813,865,TCS-0874,West Lake Houston Pkwy @ Summer Lake Ranch Dr & Stillwater Retreat Ln,Traffic Control Signal,Active,2016/10/20 00:00:00+00,1,29.938009,-95.175781,14535« West Lake Houston Parkway,
3178456.02154894,13904230.1858037,866,TCS-0875,West Lake Houston Pkwy @ Summerwood Lakes Dr,Traffic Control Signal,Active,2004/12/21 00:00:00+00,1,29.926604,-95.179552,14107« West Lake Houston Parkway,
3175950.23686236,13903437.4275467,867,TCS-0876,West Lake Houston Pkwy @ Timber Forest Dr,Traffic Control Signal,Active,2016/11/11 00:00:00+00,1,29.92465,-95.18754,13180« West Lake Houston Parkway,
3177825.10745645,13934932.6135719,868,TCS-0877,West Lake Houston Pkwy @ Upper Lake Dr,Traffic Control Signal,Active,2000/10/16 00:00:00+00,3,30.011042,-95.178376,20664« West Lake Houston Parkway,
3182496.71064603,13923896.2498179,869,TCS-0878,West Lake Houston Pkwy @ Will Clayton Pkwy,Traffic Control Signal,Active,2006/08/11 00:00:00+00,3,29.98029,-95.164767,17939« West Lake Houston Parkway,
3173338.46813577,13903424.7546718,870,TCS-0879,West Lake Houston Pkwy @ Woodson Park Dr,Traffic Control Signal,Active,2010/05/27 00:00:00+00,1,29.924849,-95.195782,12630« West Lake Houston Parkway,
3035525.72309253,13878312.6982687,871,TCS-0880,West Little York Rd @ Addicks Satsuma Rd,Traffic Control Signal,Active,1985/12/10 00:00:00+00,4,29.867443,-95.632945,6401« Addicks Satsuma Road,
3039042.32465512,13876769.0405948,872,TCS-0881,West Little York Rd @ Canaan Bridge Dr,Traffic Control Signal,Active,2002/08/19 00:00:00+00,4,29.862921,-95.621995,13982« West Little York Road,
3042324.72950761,13876905.1302177,873,TCS-0882,West Little York Rd @ Concord Bridge Dr & Panda Ln,Traffic Control Signal,Active,2018/02/12 00:00:00+00,4,29.863034,-95.611631,13331« West Little York Road,
3051841.92700861,13878697.4041922,874,TCS-0883,West Little York Rd @ Cunningham Rd,Traffic Control Signal,Active,1999/05/05 00:00:00+00,3,29.867199,-95.581452,11607« West Little York Road,
3063217.32781419,13880640.1424327,875,TCS-0884,West Little York Rd @ Empire Central Dr,Traffic Control Signal,Active,1985/01/29 00:00:00+00,1,29.87162,-95.545396,9775« West Little York Road,
3047684.65874836,13877195.8228778,876,TCS-0885,West Little York Rd @ Evergreen Trail & Enclave Vista Ln,Traffic Control Signal,Active,2009/12/03 00:00:00+00,3,29.863405,-95.594701,12515« West Little York Road,
3037474.45836827,13876917.6790771,877,TCS-0886,West Little York Rd @ Georgetown Colony Dr & Rexton Dr,Traffic Control Signal,Active,1998/12/21 00:00:00+00,4,29.863454,-95.626926,14610« West Little York Road,
3064731.57609802,13880342.9373184,878,TCS-0887,West Little York Rd @ Gessner Rd,Traffic Control Signal,Active,2021/11/05 00:00:00+00,1,29.87068,-95.540648,9575« West Little York Road,
3012370.96494019,13876759.2876616,879,TCS-0888,West Little York Rd @ Greenhouse Rd,Traffic Control Signal,Active,2008/09/03 00:00:00+00,4,29.864986,-95.70611,19301« West Little York Road,
3072760.32217962,13878713.206654,880,TCS-0889,West Little York Rd @ Guhn Rd,Traffic Control Signal,Active,2009/09/15 00:00:00+00,1,29.865545,-95.51548,8041« West Little York Road,
3074868.03843661,13907341.6343052,881,TCS-0890,West Little York Rd @ Hollister Rd,Traffic Control Signal,Active,1991/02/19 00:00:00+00,1,29.944062,-95.506135,7620« West Little York Road,
3036324.92064111,13877800.9394497,882,TCS-0891,West Little York Rd @ Huffmeister Rd,Traffic Control Signal,Active,2012/12/20 00:00:00+00,4,29.865973,-95.630471,14850« West Little York Road,
3020689.33675486,13877102.9789034,883,TCS-0892,West Little York Rd @ Langham Way Dr,Traffic Control Signal,Active,2008/07/10 00:00:00+00,4,29.865284,-95.679845,15540« West Little York Road,
3045096.86110245,13877032.5026664,884,TCS-0893,West Little York Rd @ McKendree Park Dr & Eldridge Glen Dr,Traffic Control Signal,Active,2008/08/27 00:00:00+00,3,29.863163,-95.602877,12903« West Little York Road,
3024117.37419011,13877200.4833015,885,TCS-0894,West Little York Rd @ Queenston Blvd,Traffic Control Signal,Active,1996/06/26 00:00:00+00,4,29.865284,-95.669025,17070« West Little York Road,
3010804.82830869,13876424.1669408,886,TCS-0895,West Little York Rd @ River Bottom Rd,Traffic Control Signal,Active,2014/04/17 00:00:00+00,4,29.864186,-95.711079,19457« West Little York Road,
3065792.02246794,13879791.8747723,887,TCS-0896,West Little York Rd @ Windfern Rd,Traffic Control Signal,Active,1979/05/02 00:00:00+00,1,29.869079,-95.537355,9135 West Little York Road,
3027893.63960345,13877849.9511627,888,TCS-0897,West Little York Rd @ Yorkshire Woods Dr,Traffic Control Signal,Active,2009/06/04 00:00:00+00,4,29.866773,-95.657057,16400« West Little York Road,
3029417.88786727,13878158.0433943,889,TCS-0898,West Little York Rd @ Yorktown Crossing Pkwy,Traffic Control Signal,Active,2004/08/11 00:00:00+00,4,29.8675,-95.652222,16010« West Little York Road,
3088462.25895153,13891277.7149895,890,TCS-0899,West Montgomery Rd @ Breen Dr,Traffic Control Signal,Active,,1,29.898785,-95.464764,11600« West Montgomery Road,
3089491.81693178,13890116.2688216,891,TCS-0900,West Montgomery Rd @ West Mount Houston Rd,Traffic Control Signal,Active,,1,29.895507,-95.461627,11500 West Montgomery Road,
3106242.94747144,13891381.5897818,892,TCS-0901,West Mount Houston Rd @ Sweetwater Ln & Helms Rd,Traffic Control Signal,Active,1977/10/13 00:00:00+00,2,29.897581,-95.408663,500 West Mount Houston Road,
3018252.16643237,13892779.6355421,893,TCS-0902,West Rd @ Barker Cypress Rd,Traffic Control Signal,Active,2000/12/19 00:00:00+00,3,29.908566,-95.68613,6172 Barker Cypress Rd,
3056576.36340585,13894139.6459454,894,TCS-0903,West Rd @ Cabin Creek Dr,Traffic Control Signal,Active,2009/01/15 00:00:00+00,3,29.909264,-95.56509,9931« West Road,
3046862.19352977,13891689.4303734,895,TCS-0904,West Rd @ Castlebridge Dr,Traffic Control Signal,Active,1990/04/18 00:00:00+00,3,29.90331,-95.595964,12275« West Road,
3101264.90493411,13897554.0485654,896,TCS-0905,West Rd @ Deer Trail Dr,Traffic Control Signal,Active,2009/02/10 00:00:00+00,2,29.914966,-95.423771,401« West Road,
3028062.49851769,13892873.0894234,897,TCS-0906,West Rd @ East Copper Village Dr,Traffic Control Signal,Active,2009/06/25 00:00:00+00,3,29.908055,-95.655169,16305« West Rd,
3036282.24749811,13890368.2663491,898,TCS-0907,West Rd @ Easton Commons Dr,Traffic Control Signal,Active,2009/01/22 00:00:00+00,3,29.900521,-95.629463,8503« West Road,
3097908.6025916,13897372.5873142,899,TCS-0908,West Rd @ Ella Falls Blvd,Traffic Control Signal,Active,1996/06/05 00:00:00+00,2,29.914749,-95.434378,815« West Road,
3012653.34364052,13892948.7877629,900,TCS-0909,West Rd @ Greenhouse Rd,Traffic Control Signal,Active,2016/07/26 00:00:00+00,3,29.909466,-95.70378,19514« West Road,
3039157.6318392,13890057.6354087,901,TCS-0910,West Rd @ Jackrabbit Rd,Traffic Control Signal,Active,2001/01/03 00:00:00+00,3,29.899439,-95.62042,14503« West Rd,
3031385.11326353,13891601.8547612,902,TCS-0911,West Rd @ Lake Crystal Dr & Sunny Ridge Dr,Traffic Control Signal,Active,2005/05/19 00:00:00+00,3,29.904299,-95.644801,5781« West Road,
3016628.46889237,13892544.112063,903,TCS-0912,West Rd @ Lone Star College & Berry Center Drives,Traffic Control Signal,Active,2016/04/01 00:00:00+00,3,29.908045,-95.691274,18519« West Road,
3032184.40365969,13891041.9910515,904,TCS-0913,West Rd @ Pebble Lake Dr,Traffic Control Signal,Active,2005/05/19 00:00:00+00,3,29.902697,-95.64233,15615« West Road,
3096334.30029403,13897321.6979803,905,TCS-0914,West Rd @ Pleasanton Dr,Traffic Control Signal,Active,1998/12/15 00:00:00+00,2,29.914741,-95.43935,342« West Road,
3023565.05508478,13891947.979397,906,TCS-0915,West Rd @ Queenston Blvd,Traffic Control Signal,Active,2005/07/26 00:00:00+00,3,29.905865,-95.669442,17001« West Road,
3051787.86117186,13894161.5327127,907,TCS-0916,West Rd @ Ranchstone Dr,Traffic Control Signal,Active,2009/01/14 00:00:00+00,3,29.90971,-95.580196,10885« West Road,
3053922.17416045,13893924.6083178,908,TCS-0917,West Rd @ Rio Grande Dr,Traffic Control Signal,Active,1996/06/04 00:00:00+00,3,29.908887,-95.573484,10402« West Road,
3048288.07617669,13893369.1901373,909,TCS-0918,West Rd @ Steepleway Blvd,Traffic Control Signal,Active,2009/01/13 00:00:00+00,3,29.907813,-95.591311,11402« West Road,
3025819.55943403,13892203.2643195,910,TCS-0919,West Rd @ West Copper Village Dr,Traffic Control Signal,Active,2015/06/23 00:00:00+00,3,29.90639,-95.662306,16626« West Rd,
3020025.23014344,13892308.2454088,911,TCS-0920,West Rd @ Wheat Cross Drive,Traffic Control Signal,Active,2016/01/19 00:00:00+00,3,29.907132,-95.680578,17656« West Rd,
3055235.68990611,13894246.5335269,912,TCS-0921,West Rd @ Wheatland Dr & Roundup Ln,Traffic Control Signal,Active,1999/02/10 00:00:00+00,3,29.909666,-95.56931,342« West Road,
3058961.38291402,13892138.990826,913,TCS-0922,West Rd @ Willowbridge Park Blvd,Traffic Control Signal,Active,2009/01/21 00:00:00+00,3,29.903572,-95.557751,9231« West Road,
3003899.21121444,13845372.9649357,914,TCS-0923,Westgreen Blvd @ Cranfield Dr,Traffic Control Signal,Active,2007/01/25 00:00:00+00,4,29.779362,-95.735592,755« Westgreen Boulevard,
3004521.89566462,13838247.2062214,915,TCS-0924,Westgreen Blvd @ Highland Knolls Dr,Traffic Control Signal,Active,1995/01/04 00:00:00+00,4,29.759726,-95.734257,1655« Westgreen Boulevard,
3004025.54560745,13844144.3729047,916,TCS-0925,Westgreen Blvd @ Kingsland Blvd,Traffic Control Signal,Active,2021/07/27 00:00:00+00,4,29.775975,-95.735302,20855« Kingsland Boulevard,
3004016.99772428,13842120.4346953,917,TCS-0926,Westgreen Blvd @ Park Pine Ln,Traffic Control Signal,Active,2006/12/21 00:00:00+00,4,29.770412,-95.735507,1051« Westgreen Boulevard,
3004298.72157028,13839601.1365844,918,TCS-0927,Westgreen Blvd @ Park York Ln,Traffic Control Signal,Active,2006/12/21 00:00:00+00,4,29.763465,-95.734841,1366« Westgreen Boulevard,
3003012.05714886,13855194.2838757,919,TCS-0928,Westgreen Blvd @ Raintree Village Dr,Traffic Control Signal,Active,2011/01/27 00:00:00+00,4,29.806428,-95.737524,2703« Raintree Village Dr,
3003798.0903537,13852188.1078014,920,TCS-0929,Westgreen Blvd @ Wheat Snow Ln,Traffic Control Signal,Active,2018/01/16 00:00:00+00,4,29.798104,-95.735311,2104« North Westgreen Boulevard,
3019567.72252828,13825415.1141034,921,TCS-0930,Westheimer Pkwy @ Barker Cypress Rd,Traffic Control Signal,Active,2001/01/22 00:00:00+00,4,29.723288,-95.688,16900« Westheimer Parkway,
3028405.00800328,13823025.8252469,922,TCS-0931,Westpark Dr @ Addicks Clodine Rd,Traffic Control Signal,Active,2008/03/11 00:00:00+00,4,29.716029,-95.660383,15651« Westpark Drive,
3030427.02528469,13824039.6503189,923,TCS-0932,Westpark Dr @ Green Crest Dr,Traffic Control Signal,Active,2006/11/24 00:00:00+00,4,29.718657,-95.653924,14949« Westpark Drive,
3031750.43110244,13824164.8554491,924,TCS-0933,Westpark Dr @ Summit Valley Dr,Traffic Control Signal,Active,2017/02/14 00:00:00+00,4,29.718897,-95.649745,14922« Westpark Drive,
3181058.06030811,13924492.7433756,925,TCS-0935,Will Clayton Pkwy @ Aerobic Dr,Traffic Control Signal,Active,2009/12/08 00:00:00+00,3,29.982059,-95.169247,13455« Will Clayton Parkway,
3165756.55121303,13923015.4044668,926,TCS-0936,Will Clayton Pkwy @ Atascocita Rd,Traffic Control Signal,Active,1981/07/28 00:00:00+00,3,29.979368,-95.217705,3803« Atascocita Road,
3157925.90152003,13922670.4779913,927,TCS-0937,Will Clayton Pkwy @ Cold River Dr & Rustic Timber Dr,Traffic Control Signal,Active,2016/11/09 00:00:00+00,3,29.979114,-95.242461,9179« Will Clayton Parkwy,
3175531.92864387,13923103.3593433,928,TCS-0938,Will Clayton Pkwy @ Eagle Springs Pkwy,Traffic Control Signal,Active,2015/01/21 00:00:00+00,3,29.978737,-95.186836,17987« Eagle Springs Parkway,
3170420.76924677,13922629.5502516,929,TCS-0939,Will Clayton Pkwy @ June Forest Dr,Traffic Control Signal,Active,2017/02/15 00:00:00+00,3,29.977892,-95.20302,11722« Will Clayton Parkway,
3152066.68817286,13922544.8437281,930,TCS-0940,Will Clayton Pkwy @ Old Humble Rd & S Houston Ave,Traffic Control Signal,Active,1983/05/19 00:00:00+00,3,29.979285,-95.260971,8201 Will Clayton Parkway,
3174165.7614287,13923140.6922739,931,TCS-0941,Will Clayton Pkwy @ Timber Forest Dr,Traffic Control Signal,Active,2015/01/21 00:00:00+00,3,29.978962,-95.191145,12339« Will Clayton Pkwy,
3156035.45385736,13922651.2457463,932,TCS-0942,Will Clayton Pkwy @ Wilson Rd,Traffic Control Signal,Active,2010/11/30 00:00:00+00,3,29.979228,-95.248431,8901 Will Clayton Parkway,
3167482.53266919,13922548.0658345,933,TCS-0943,Will Clayton Pkwy @ Woodland Hills Dr,Traffic Control Signal,Active,2009/08/20 00:00:00+00,3,29.97793,-95.212304,11155« Will Clayton Pkwy,
3156056.41674194,13909605.1530721,934,TCS-0944,Wilson Rd @ Canyon Village Trace Dr & Loggia Ln,Traffic Control Signal,Active,2014/08/21 00:00:00+00,1,29.94337,-95.249686,4603« Wilson Rd,
3065743.7082601,13881573.0975878,935,TCS-0945,Windfern Rd @ Emmott Rd,Traffic Control Signal,Active,2019/05/02 00:00:00+00,1,29.873979,-95.537341,7103« Emmott Road,
3065507.13064928,13888062.6144644,936,TCS-0946,Windfern Rd @ Mauna Loa Ln,Traffic Control Signal,Active,2018/07/12 00:00:00+00,1,29.891836,-95.537481,8237« Windfern Road,
3056506.46590786,13903001.1013196,937,TCS-0947,Windfern Rd @ Perry Rd,Traffic Control Signal,Active,1986/02/03 00:00:00+00,3,29.933627,-95.564489,11290 Perry Road,
3065570.83721478,13885911.4799871,938,TCS-0948,Windfern Rd @ Philippine St,Traffic Control Signal,Active,1988/02/23 00:00:00+00,1,29.885918,-95.537481,7715« Windfern Road,
3065150.08838436,13889693.1866625,939,TCS-0949,Windfern Rd @ Rodney Ray Blvd,Traffic Control Signal,Active,2018/04/24 00:00:00+00,1,29.896347,-95.538455,8350« Windfern Road,
3193638.72117037,13854626.2138176,940,TCS-0950,Woodforest Blvd @ Ashland Blvd,Traffic Control Signal,Active,2000/08/08 00:00:00+00,2,29.788899,-95.136819,15359« Woodforest Boulevard,
3183117.21498245,13854822.1425596,941,TCS-0951,Woodforest Blvd @ Barbara Mae Blvd,Traffic Control Signal,Active,1996/12/04 00:00:00+00,2,29.790389,-95.169952,14303« Woodforest Boulevard,
3183955.19526187,13854865.6136013,942,TCS-0952,Woodforest Blvd @ Black Rock Rd,Traffic Control Signal,Active,2009/08/06 00:00:00+00,2,29.790433,-95.167307,14341« Woodforest Boulevard,
3191329.78582761,13854524.1556228,943,TCS-0954,Woodforest Blvd @ Deerpass Dr,Traffic Control Signal,Active,2004/03/24 00:00:00+00,2,29.788828,-95.144105,15199« Woodforest Boulevard,
3192525.63382961,13854581.0807058,944,TCS-0955,Woodforest Blvd @ Dell Dale St,Traffic Control Signal,Active,1983/05/18 00:00:00+00,2,29.788876,-95.140331,907 Dell Dale Drive,
3180424.00711428,13855340.8816796,945,TCS-0956,Woodforest Blvd @ Freeport St,Traffic Control Signal,Active,1984/04/12 00:00:00+00,2,29.792057,-95.178385,397 Freeport Street,
3175935.67685211,13855830.413837,946,TCS-0957,Woodforest Blvd @ Grand Oaks Blvd,Traffic Control Signal,Active,2021/05/27 00:00:00+00,2,29.793805,-95.192478,13090« Woodforest Boulevard,
3187166.1724357,13854828.0329678,947,TCS-0958,Woodforest Blvd @ Sterling Green Dr & Overbluff Dr,Traffic Control Signal,Active,1996/09/05 00:00:00+00,2,29.79004,-95.157193,14804« Woodforest Boulevard,
3168149.04445952,13910152.2238283,948,TCS-0959,Woodland Hills Dr @ Balmoral Hills Dr,Traffic Control Signal,Active,2018/12/27 00:00:00+00,3,29.943802,-95.211468,15400« Woodland Hills Drive,
3168176.90070303,13908656.989286,949,TCS-0960,Woodland Hills Dr @ Sunset Breeze Dr,Traffic Control Signal,Active,2017/04/27 00:00:00+00,3,29.93969,-95.211533,15032« Woodland Hills Drive,
2991164.71076486,13869303.3291484,950,TCS-0961,Peek Rd @ Stockdick School Rd,Traffic Control Signal,Design,,4,29.846116,-95.77364,,
3012842.12016585,13872529.6760421,951,TCS-0962,Greenhouse Rd @ Hollyhock Dr,Traffic Control Signal,Active,2018/08/14 00:00:00+00,4,29.853323,-95.705,5751« Greenhouse Road,
3072938.18468478,13964764.5089605,952,TCS-0963,Gosling Rd @ West Mossy Oaks Rd,Traffic Control Signal,Active,2017/11/16 00:00:00+00,3,30.10205,-95.506811,23227« Gosling Road,
3102508.45920552,13927663.9634111,953,TCS-0964,East Richey Rd @ Woodham Dr & Edgeglen Dr,Traffic Control Signal,Active,2019/12/23 00:00:00+00,1,29.99762,-95.416936,401« East Richey Road,
2980621.1974031,13868939.3144564,954,TCS-0965,Katy Hockley Cut-Off Rd @ Stockdick School Rd,Traffic Control Signal,Active,2018/03/29 00:00:00+00,4,29.845911,-95.806918,24950 « Katy Hockley Cut Off,
3035394.40248902,13926285.0731243,955,TCS-0966,Grant Rd @ Rosewood Glen Dr,Traffic Control Signal,Active,2018/10/18 00:00:00+00,3,29.999316,-95.628997,13610« Grant Road,
3086555.41729277,13958148.8145148,956,TCS-0967,Spring Stuebner Rd @ Greengate Dr,Traffic Control Signal,Active,2019/08/15 00:00:00+00,3,30.082742,-95.4644,3041« Spring Stuebner Road,
3123204.79740594,13944948.755285,957,TCS-0968,Treaschwig Rd @ Jay Dr,Traffic Control Signal,Active,2018/05/17 00:00:00+00,3,30.043367,-95.349881,5425« Treaschwig Road,
3061843.10844977,13900260.8935454,958,TCS-0969,Fallbrook Dr @ Windfern Rd,Traffic Control Signal,Construction,,1,29.925663,-95.547903,,
3167626.82568769,13920763.6865293,959,TCS-0970,Woodland Hills Dr @ Wells Mark Dr,Traffic Control Signal,Active,2018/05/10 00:00:00+00,3,29.973013,-95.212031,17227« Woodland Hills Drive,
3165473.1587352,13875747.4652102,960,TCS-0971,Tidwell Rd @ John Ralston Rd,Traffic Control Signal,Active,2021/06/15 00:00:00+00,1,29.84948,-95.22342,11900« Tidwell Road,
3218060.3193087,13874617.1357779,961,TCS-0972,Crosby Lynchburg Rd @ Barbers Hill Rd,Traffic Control Signal,Construction,,3,29.841602,-95.057745,,
3055162.31505287,13909174.8176467,962,TCS-0973,Cypress North Houston Rd @ Autumn Mill Ln,Traffic Control Signal,Design,,3,29.950705,-95.568159,9918« Cypress North Houston Road,
3052517.4181117,13909306.8334588,963,TCS-0974,Cypress North Houston Rd @ Misty Moss Ln,Traffic Control Signal,Design,,3,29.951281,-95.576495,10433« Cypress North Houston Road,
3066361.87631512,13900484.0889652,964,TCS-0975,Fallbrook Dr @ Fallbrook Pines,Traffic Control Signal,Active,2019/10/14 00:00:00+00,1,29.925909,-95.533623,8357« Fallbrook Drive,
3046997.65979427,13941929.9037112,965,TCS-0976,Hufsmith Kohrville Rd @ Ezekiel Rd,Traffic Control Signal,Design,,3,30.041393,-95.590915,19099« Hufsmith Kohrville Road,
3076195.21885312,13944975.7703229,966,TCS-0977,Spring Cypress Rd @ Carrot St & Stone Forest Dr,Traffic Control Signal,Active,2020/02/04 00:00:00+00,3,30.047393,-95.498389,5101« Spring Cypress Road,
3054685.84914228,13936117.5770813,967,TCS-0978,Spring Cypress Rd @ Chaseloch St,Traffic Control Signal,Active,2020/02/11 00:00:00+00,3,30.024799,-95.567166,9522« Spring Cypress Road,
3090291.20936187,13952387.409699,968,TCS-0979,Spring Cypress Rd @ Foster Rd,Traffic Control Signal,Active,2020/01/21 00:00:00+00,3,30.066596,-95.453146,2430« Spring Cypress Road,
3078775.15201345,13958238.5331673,969,TCS-0980,Spring Stuebner Rd @ Frassati Way,Traffic Control Signal,Active,2019/01/10 00:00:00+00,3,30.083633,-95.48898,4545« Spring Stuebner Road,
3025160.85143386,13942675.5951332,970,TCS-0981,Telge Rd @ Boudreaux Rd,Traffic Control Signal,Design,,3,30.045175,-95.659835,18723« Telge Road,
3026054.34899069,13935402.61296,971,TCS-0982,Telge Rd @ Grant Rd,Traffic Control Signal,Design,,3,30.025114,-95.657669,17250« Telge Road,
3025280.70191595,13940075.9087315,972,TCS-0983,Telge Rd @ Kitzman Rd,Traffic Control Signal,Design,,3,30.03802,-95.659691,,
3112478.16859677,13938244.9176428,973,TCS-0984,Treaschwig Rd @ North Werrington Way,Traffic Control Signal,Design,,3,30.025858,-95.384422,,
3116057.15815794,13940150.6031359,974,TCS-0985,Treaschwig Rd @ Trilby Way,Traffic Control Signal,Design,,3,30.030791,-95.372931,3616« Treaschwig Road,
3168017.49879086,13918933.445111,975,TCS-0986,Woodland Hills Dr @ Liles Ln,Traffic Control Signal,Active,2019/07/02 00:00:00+00,3,29.967948,-95.210985,3900« Liles Lane,
3155957.1639877,13911790.4872841,976,TCS-0987,Wilson Rd @ Greens Rd,Traffic Control Signal,Active,2019/06/20 00:00:00+00,1,29.949385,-95.249778,3933« Wilson Road,
3169933.26759711,13882277.8783304,977,TCS-0988,C E King Pkwy @ E Little York Rd,Traffic Control Signal,Active,2017/05/04 00:00:00+00,1,29.867032,-95.20869,10150« East Little York Road,
3169136.32299678,13879578.2013151,978,TCS-0989,C E King Pkwy @ Stonefield Manor Dr,Traffic Control Signal,Active,2017/06/13 00:00:00+00,1,29.859683,-95.211479,12303« Stonefield Manor Drive,
3068034.13839053,13957750.9022529,979,TCS-0990,Kuykendahl Rd @ Spring Heath Ln,Traffic Control Signal,Active,2017/09/22 00:00:00+00,3,30.083175,-95.522972,21745« Kuykendahl Road,
3057737.87289385,13968505.9630918,980,TCS-0991,Kuykendahl Rd @ Hollywick Dr,Traffic Control Signal,Active,2017/04/10 00:00:00+00,3,30.113573,-95.554511,24235« Kuykendahl Road,
3049030.73807719,13930583.4346063,981,TCS-0992,Hufsmith Kohrville Rd @ Cossey Rd.,Traffic Control Signal,Active,2017/08/14 00:00:00+00,3,30.010043,-95.585539,16610« Hufsmith Kohrville Road,
3086186.08699469,13915155.6052258,982,TCS-0993,Spears Rd @ Monument Valley Dr,Traffic Control Signal,Active,2018/06/01 00:00:00+00,1,29.964605,-95.46967,3052« Spears Road,
3093225.59522536,13915558.0269931,983,TCS-0994,Spears Rd @ River Laurel Dr,Traffic Control Signal,Active,2019/01/29 00:00:00+00,1,29.965125,-95.44741,200« Spears Road,
2996305.57909203,13924106.9610107,984,TCS-0995,Cypresswood Dr @ Fairfield Falls Way,Traffic Control Signal,Active,2016/12/13 00:00:00+00,3,29.99637,-95.75263,21281« Cypresswood Drive,
2997202.93753353,13923710.974926,985,TCS-0996,Cypresswood Dr @ Fairfield Town Center Drwy,Traffic Control Signal,Active,2016/12/13 00:00:00+00,3,29.995213,-95.749831,21051« Cypresswood Drive,
3063250.33660644,13900855.1016746,986,TCS-0997,Gessner Rd @ Fallbrook Dr,Traffic Control Signal,Construction,,1,29.927182,-95.543407,8627« Fallbrook Drive,
3063360.39445719,13896585.7453839,987,TCS-0998,Gessner Rd @ Windfern Rd,Traffic Control Signal,Construction,,1,29.915438,-95.543458,9945« Windfern Road,
3060474.12660769,13941190.5311742,988,TCS-0999,Spring Cypress Rd @ Glenn Haven Estates Dr,Traffic Control Signal,Active,2020/02/18 00:00:00+00,3,30.038274,-95.54841,8220« Spring Cypress Road,
3110801.79662144,13952540.5147078,989,TCS-1000,Cypresswood Dr @ Spring Mill Ln,Traffic Control Signal,Active,2019/12/03 00:00:00+00,3,30.065291,-95.388322,24311« Spring Mill Lane,
3041705.88756944,13936023.2557476,990,TCS-1001,North Eldridge Pkwy @ Gregson Rd,Traffic Control Signal,Design,,3,30.025581,-95.608174,18301« North Eldridge Parkway,
3041439.76867911,13937012.0382189,991,TCS-1002,North Eldridge Pkwy @ Westlock Dr,Traffic Control Signal,Design,,3,30.02832,-95.608924,18350« North Eldridge Parkway,
3013856.42719236,13866081.0111179,992,TCS-1003,Greenhouse Rd @ Cypress Bay Dr,Traffic Control Signal,Active,2018/12/10 00:00:00+00,4,29.835518,-95.702375,4403« Greenhouse Road,
2986078.12251286,13863832.1101039,993,TCS-1004,Clay Rd @ Porter Rd,Traffic Control Signal,Construction,,4,29.831461,-95.790153,3941« Porter Road,
3015196.78540403,13904440.9580199,994,TCS-1005,Cypress North Houston Rd @ Greenhouse Rd,Traffic Control Signal,Design,,3,29.940858,-95.69473,18303« Cypress North Houston Road,
3000109.06098635,13850111.4160887,995,TCS-1006,Park Row @ Primewest Pkwy,Traffic Control Signal,Active,2018/07/19 00:00:00+00,3,29.792678,-95.74712,21359« Park Row,
2998306.01209903,13857472.9528748,996,TCS-1007,Mason Rd @ Katy Briar Ln,Traffic Control Signal,Active,2018/11/07 00:00:00+00,3,29.813052,-95.752158,2701« Mason Road,
3101182.5291146,13951183.6470147,997,TCS-1008,East Cypresswood Dr @ Lexington Rd,Traffic Control Signal,Active,2017/08/15 00:00:00+00,3,30.062375,-95.418848,1214« East Cypresswood Drive,
3037069.94211695,13937804.9244284,998,TCS-1009,Northpointe Blvd @ Northpointe Terrace Dr,Traffic Control Signal,Active,2017/05/09 00:00:00+00,4,30.030847,-95.622655,12614« Northpointe Boulevard,
3044367.7907102,13895274.5875732,999,TCS-1010,North Eldridge Pkwy @ Paddock Way,Traffic Control Signal,Active,2017/08/16 00:00:00+00,3,29.913364,-95.603505,9600« North Eldridge Parkway,
3035498.15589045,13928639.0346237,1000,TCS-1011,Spring Cypress Rd @ Northpointe Lakes Blvd,Traffic Control Signal,Active,2019/04/30 00:00:00+00,3,30.005778,-95.628455,13531« Spring Cypress Road,
3032040.17396128,13818198.4392323,1001,TCS-1012,Bellaire Blvd @ Marchena Dr,Traffic Control Signal,Active,2019/05/21 00:00:00+00,4,29.702473,-95.649371,14861« Bellaire Boulevard,
3073018.97159669,13962907.7065718,1002,TCS-1013,Gosling Rd @ Root Rd & Hassler Rd,Traffic Control Signal,Active,2020/07/22 00:00:00+00,3,30.09694,-95.506731,5706« Root Road,
3073800.03237052,13943631.4301638,1003,TCS-1014,Spring Cypress Rd @ Senterra Lakes Blvd,Traffic Control Signal,Active,2019/08/28 00:00:00+00,3,30.043895,-95.506083,5518« Spring Cypress Road,
3052011.25311352,13872559.2045263,1004,TCS-1015,Tanner Rd @ Cunningham Rd,Traffic Control Signal,Active,2020/06/16 00:00:00+00,3,29.850313,-95.581484,5701« Cunningham Road,
3009681.88698503,13904202.155676,1005,TCS-1016,Cypress North Houston Rd @ Cypress Creek Bend Dr,Traffic Control Signal,Active,2019/03/28 00:00:00+00,3,29.940629,-95.712157,19200« Cypress North Houston Road,
3173553.29152502,13920713.4937163,1006,TCS-1017,Timber Forest Dr @ Eagle Springs Pkwy,Traffic Control Signal,Active,2019/07/25 00:00:00+00,3,29.972346,-95.193328,17501« Timber Forest Drive,
3173655.51048069,13918693.0774815,1007,TCS-1018,Timber Forest Dr @ Valley Lodge Pkwy & Sashta Falls Ln,Traffic Control Signal,Active,2019/07/25 00:00:00+00,3,29.966784,-95.193213,16446« Timber Forest Drive,
3173795.53447886,13915025.2888854,1008,TCS-1019,Timber Forest Dr @ Madera Run Pkwy,Traffic Control Signal,Active,2019/07/25 00:00:00+00,3,29.956691,-95.193148,,
3099091.11761503,13897435.2292493,1009,TCS-1020,West Rd @ Ella Blvd,Traffic Control Signal,Active,2018/08/17 00:00:00+00,2,29.914822,-95.430641,10103« Ella Boulevard,
3179309.7688572,13919044.6312404,1010,TCS-1021,Madera Run Pkwy @ Kings Park Way & Cathedral Pines Dr,Traffic Control Signal,Active,2021/05/13 00:00:00+00,3,29.967243,-95.175329,13401« Madera Run Parkway,
3018502.73712544,13916760.5603492,1011,TCS-1022,Spring Cypress Rd @ Woods-Spillane Blvd & Dry Creek Ranch Rd,Traffic Control Signal,Active,2019/08/14 00:00:00+00,3,29.974464,-95.683193,13705« Woods Spillane Boulevard,
3227795.14498337,13895765.515069,1012,TCS-1023,Bohemian Hall Rd @ Krenek Rd,Traffic Control Signal,Active,2019/03/14 00:00:00+00,3,29.898819,-95.024789,14635« Bohemian Hall Road,
2986260.17890728,13858552.4881173,1013,TCS-1024,Morton Ranch Rd @ Porter Rd & Katy Oaks Blvd,Traffic Control Signal,Active,2019/11/04 00:00:00+00,4,29.816934,-95.790036,24001« Morton Ranch Road,
3077967.8928012,13941573.9526514,1014,TCS-1025,Louetta Rd @ Strack Rd,Traffic Control Signal,Active,2019/08/29 00:00:00+00,3,30.037897,-95.493111,5103« Louetta Road,
3132298.18341862,13894044.471267,1015,TCS-1026,Aldine Mail Route Rd @ Determined Dr,Traffic Control Signal,Active,2017/05/08 00:00:00+00,2,29.902675,-95.326208,3998« Aldine Mail Route Rd,
3059209.78169544,13979433.6105278,1016,TCS-1027,Kuykendahl Rd @ Mid-Block Pedestrian Crossing,Traffic Control Signal,Active,2018/01/30 00:00:00+00,3,30.143488,-95.548838,26557« Kuykendahl Road,
3060361.04054777,13825120.4965824,1017,TCS-1028,Westpark Towway Entrance Ramp @ Rogerdale Rd,Traffic Control Signal,Active,,,29.71924,-95.559557,905« Rogerdale Road,
2996951.90129019,13897013.9446588,1018,TCS-1029,Mason Rd @ Tuckerton Rd,Traffic Control Signal,Active,2019/10/02 00:00:00+00,3,29.921848,-95.752965,10006« Mason Road,
3223366.33166252,13808365.6885567,1019,TCS-1030,Bay Area Blvd @ Morgan's Landing Blvd,Traffic Control Signal,Active,2020/12/08 00:00:00+00,2,29.659021,-95.048078,3501« Bay Area Boulevard,
3004728.74892545,13864261.5127884,1020,TCS-1031,Clay Rd @ Raintree Village Dr,Traffic Control Signal,Active,2019/11/13 00:00:00+00,4,29.831221,-95.731314,20503« Clay Road,
3065605.08681819,13938374.6211236,1021,TCS-1032,Stuebner Airline Rd @ Theisswood Rd,Traffic Control Signal,Active,2001/11/08 00:00:00+00,3,30.030117,-95.532465,17621« Stuebner Airline Road,
3095408.02196287,13966679.0405645,1022,TCS-1033,IH 45 Frontage Rds @ Springwoods Village Pkwy,Traffic Control Signal,Active,2018/08/22 00:00:00+00,3,30.105448,-95.435601,28513« # 1 Hardy Toll Road,
3164456.8671326,13892399.1238359,1023,TCS-1034,North Lake Houston Pkwy @ West Lake Houston Pkwy,Traffic Control Signal,Active,2021/11/18 00:00:00+00,1,29.895337,-95.224929,11851« North Lake Houston Parkway,
3013657.80783895,13869569.9621453,1024,TCS-1035,Greenhouse Rd @ Old Greenhouse Rd,Traffic Control Signal,Active,2020/02/25 00:00:00+00,4,29.845124,-95.702691,4876« Greenhouse Road,
3180574.17019978,13870281.9564562,1025,TCS-1036A,Sam Houston Tollway East @ US 90 (Northside),Traffic Control Signal,Active,2009/02/24 00:00:00+00,,29.833109,-95.176372,13902« US 90 Frontage Road,
3180886.14792228,13869928.3236333,1026,TCS-1036B,Sam Houston Tollway East @ US 90 (Southside),Traffic Control Signal,Active,2009/02/24 00:00:00+00,,29.832109,-95.175425,13902« US 90 Frontage Road,
3221177.56405844,13780336.9542599,1027,TCS-1037,Kirby Rd @ Old Kirby Rd,Traffic Control Signal,Active,2020/05/07 00:00:00+00,2,29.582186,-95.05794,1150« Kirby Road,
3025223.43693861,13877153.0673859,1028,TCS-1038,West Little York Rd @ Westminster Village Dr,Traffic Control Signal,Active,2020/02/04 00:00:00+00,4,29.865067,-95.665541,16890« West Little York Road,
3099190.14005478,13901323.1506073,1029,TCS-1039,Ella Blvd @ Fallbrook Dr,Traffic Control Signal,Active,2020/04/08 00:00:00+00,2,29.9255,-95.429954,10395« Ella Boulevard,
2991998.19039711,13850332.6407119,1030,TCS-1040,Colonial Pkwy @ Partnership Way,Traffic Control Signal,Active,2020/02/27 00:00:00+00,4,29.793904,-95.772663,23101« Partnership Way,
2993501.02991112,13850305.0357802,1031,TCS-1041,Colonial Pkwy @ Westside Pkwy,Traffic Control Signal,Active,2020/01/30 00:00:00+00,4,29.793714,-95.767929,22703« Colonial Parkway,
3084642.67800802,13923800.458999,1032,TCS-1042,T C Jester Blvd @ 7th St,Traffic Control Signal,Active,2022/11/08 00:00:00+00,1,29.988494,-95.473719,14030« T C Jester Boulevard,
3127620.53759019,13893805.3667583,1033,TCS-1043,Aldine Mail Route Rd @ East Aldine Town Center Dr,Traffic Control Signal,Active,2021/03/11 00:00:00+00,2,29.902421,-95.340988,,
3090056.58844003,13889450.4814393,1034,TCS-1044,T C Jester Blvd @ West Montgomery Rd,Traffic Control Signal,Active,2022/04/13 00:00:00+00,1,29.89363,-95.459909,10925« West Montgomery Road,
2986062.30463111,13849244.1884924,1035,TCS-1045,Colonial Pkwy @ Park West Green Dr,Traffic Control Signal,Design,,4,29.791361,-95.791465,,
3014573.83225361,13902760.0568542,1036,TCS-1046,Greenhouse Rd @ Towne Lake Pkwy,Traffic Control Signal,Design,,3,29.936286,-95.696846,10869« Towne Lake Parkway,
2985278.83867836,13858524.1043158,1037,TCS-1047,Morton Ranch Rd @ Porter Rd,Traffic Control Signal,Active,2020/07/30 00:00:00+00,4,29.81693,-95.793132,24133« Morton Ranch Road,
2987814.22369945,13858611.19174,1038,TCS-1048,Morton Ranch Rd @ Winchester Ranch Trail,Traffic Control Signal,Active,2020/11/17 00:00:00+00,4,29.816978,-95.785132,23700« Morton Ranch Road,
3010874.62377277,13887544.3500809,1039,TCS-1049,Longenbaugh Dr @ Canyon Lakes Manor Dr & Bridgepark Ln,Traffic Control Signal,Active,2020/04/16 00:00:00+00,4,29.894748,-95.709872,8020« Bridgepark Lane,
3168437.0205896,13901607.9125049,1040,TCS-1050,West Lake Houston Pkwy @ Lockwood Rd,Traffic Control Signal,Active,2021/11/17 00:00:00+00,1,29.920293,-95.211433,13475« Lockwood Road,
3196058.82098894,13790797.5803203,1041,TCS-1051,Space Center Blvd @ Sunrise Lake Dr,Traffic Control Signal,Active,2021/03/30 00:00:00+00,2,29.613243,-95.135841,,
3001445.26960003,13948340.3882655,1042,TCS-1052,Mueschke Rd @ Amira Dr,Traffic Control Signal,Active,2021/02/04 00:00:00+00,4,30.062587,-95.734262,20350« Mueschke Road,
3029402.00469695,13902461.2493809,1043,TCS-1053,Telge Rd @ Northwest Lake Dr,Traffic Control Signal,Design,,3,29.934305,-95.650076,,
3009402.18839744,13893342.9405179,1044,TCS-1054,West Rd @ Miramesa Dr,Traffic Control Signal,Active,2022/04/05 00:00:00+00,3,29.910801,-95.714003,20001« West Road,
3019701.7790187,13873845.1983454,1045,TCS-1055,Barker Cypress Rd @ Old Greenhouse Rd (Gummert Rd),Traffic Control Signal,Active,2021/12/21 00:00:00+00,4,29.856406,-95.683251,5995« Old Greenhouse Road,
3102878.29475194,13897611.8023869,1046,TCS-1056,West Rd @ Greens Crossing Blvd,Traffic Control Signal,Active,2021/04/08 00:00:00+00,2,29.914989,-95.418675,10302« Greens Crossing Boulevard,
3051111.03017645,13884795.9375988,1047,TCS-1057,Jones Rd @ Charles St,Traffic Control Signal,Active,2023/05/25 00:00:00+00,3,29.884021,-95.583195,11502« Jones Road,
3044311.08347453,13931472.2346659,1048,TCS-1058,Spring Cypress Rd @ Trail Cypress Blvd,Traffic Control Signal,Design,,3,30.012864,-95.600363,11627« Spring Cypress Road,
3061661.81681761,13948644.4355577,1049,TCS-1059,Stuebner Airline Rd @ Farm League Park Drwy,Traffic Control Signal,Active,2021/09/28 00:00:00+00,3,30.058665,-95.543962,19755« Stuebner Ailrine Road,
3021298.66001128,13924284.9534369,1050,TCS-1060,Huffmeister Rd @ Louetta Rd,Traffic Control Signal,Active,2021/12/31 00:00:00+00,3,29.994928,-95.67369,16703« Huffmeister Road,
3002876.5213307,13899140.5381746,1051,TCS-1061,Tuckerton Rd @ Westgreen Blvd,Traffic Control Signal,Active,2022/02/15 00:00:00+00,3,29.92724,-95.734082,9701« Westgreen Boulevard,
3000612.00945553,13898358.494135,1052,TCS-1062,Tuckerton Rd @ Summer Camp Dr,Traffic Control Signal,Active,2022/05/26 00:00:00+00,3,29.925264,-95.741297,15401« Summer Camp Drive,
3167942.89034428,13911937.8550996,1053,TCS-1063,Woodland Hills Dr @ Greens Rd,Traffic Control Signal,Active,2021/06/24 00:00:00+00,3,29.948728,-95.211936,11701« Greens Road,
2988753.41079745,13863916.5646594,1054,TCS-1064,Clay Rd @ Ventana Prairie Dr,Traffic Control Signal,Design,,4,29.831491,-95.781711,23610« Clay Road,
3039067.87578511,13922033.4008534,1055,TCS-1065,Kluge Rd @ Old Kluge Rd,Traffic Control Signal,Active,2020/09/03 00:00:00+00,3,29.987338,-95.617785,12403« Kluge Road,
3092783.17485036,13931795.7487827,1056,TCS-1066,Ella Blvd @ Butterfield Rd,Traffic Control Signal,Design,,1,30.009792,-95.447249,16712« Ella Boulevard,
3228734.13588753,13778127.5948335,1057,TCS-1067,Repsdorph Rd @ Lochlake Dr,Traffic Control Signal,Design,,2,29.575411,-95.034414,,
2990141.31189303,13903324.9556588,1058,TCS-1068,Bridgeland Creek Pkwy @ Peek Rd,Traffic Control Signal,Active,2022/11/30 00:00:00+00,4,29.939714,-95.773907,20903« Bridgeland Creek Parkway,
2994036.35922103,13864179.4935955,1059,TCS-1069,Clay Rd @ Amazon Fulfillment Drwy.,Traffic Control Signal,Active,2020/09/24 00:00:00+00,4,29.831813,-95.765032,22255« Clay Road,
3013255.03042927,13946987.6682019,1060,TCS-1070,Cypress Rose Hill Rd @ Tomball ISD Stadium & School Complex,Traffic Control Signal,Active,2021/08/04 00:00:00+00,4,30.057957,-95.697065,20240« Cypress Rose Hill Road,
3008627.56297819,13866262.0402834,1061,TCS-1071,Fry Rd @ Windstone Manor Blvd,Traffic Control Signal,Active,2021/08/19 00:00:00+00,4,29.83642,-95.718845,4455« Fry Road,
3036237.55040903,13902404.8853204,1062,TCS-1072,Huffmeister Rd @ Fallbrook Dr,Traffic Control Signal,Construction,,3,29.93361,-95.628509,,
3240877.80746628,13870984.3782797,1063,TCS-1073,Garth Road @ Ashbel Crossing Dr,Traffic Control Signal,Active,2023/04/04 00:00:00+00,3,29.829484,-94.986207,9021« Garth Road,
2996686.62229319,13864262.3740072,1064,TCS-1074,Clay Rd @ Elrod Rd,Traffic Control Signal,Active,2021/07/15 00:00:00+00,4,29.831839,-95.756669,3915« Elrod Road,
2994073.6708262,13878919.6183147,1065,TCS-1075,Elyson Falls Dr @ Elyson Exchange Way,Traffic Control Signal,Active,2022/10/27 00:00:00+00,4,29.872329,-95.763628,22203« Elyson Falls Drive,
3022825.55557953,13925167.3706353,1066,TCS-1076,Louetta Rd @ Stablewood Farms Dr,Traffic Control Signal,Active,2021/12/07 00:00:00+00,3,29.997234,-95.668789,,
2985721.85747737,13875943.1761049,1067,TCS-1077,Porter Rd @ Elyson Blvd,Traffic Control Signal,Design,,4,29.86478,-95.790228,,
3003360.08007486,13901283.7120378,1068,TCS-1078,Westgreen Blvd @ Parkland Crossing & Parkland Trail Crossing,Traffic Control Signal,Design,,3,29.933094,-95.732367,18703« Parkland Crossing,
3105794.80729161,13952333.4219461,1069,TCS-1079,Aldine Westfield Rd @ Sciaaca Rd,Traffic Control Signal,Active,2022/06/08 00:00:00+00,3,30.065146,-95.404163,2002« Sciaaca Road,
3069528.57897119,13889368.315265,1070,TCS-1085,Fairbanks North Houston Rd @ Terrace Brook,Traffic Control Signal,Active,2021/11/11 00:00:00+00,1,29.895097,-95.524673,7906« Fairbanks North Houston Road,
3012930.40312578,13877734.0061846,1071,TCS-1086,Greenhouse Rd @ Rebel Yell Drive,Traffic Control Signal,Active,2022/01/27 00:00:00+00,4,29.867622,-95.704259,6402« Greenhouse Road,
3045759.01004061,13957357.8538264,1072,TCS-1087,Hufsmith Kohrville Rd @ Medical Complex Dr,Traffic Control Signal,Active,2022/06/15 00:00:00+00,3,30.083897,-95.593408,,
3054767.68231194,13974940.3265354,1073,TCS-1088,Hufsmith Rd @ Lakes at Creekside Dr,Traffic Control Signal,Active,2022/08/23 00:00:00+00,3,30.131498,-95.563303,,
3090011.6994222,13898689.013159,1074,TCS-1089,T C Jester Blvd @ Fallbrook Dr,Traffic Control Signal,Active,2022/04/07 00:00:00+00,2,29.919027,-95.459168,2220« Fallbrook Drive,
3229129.0924467,13783236.4104033,1075,TCS-1090,Red Bluff Rd @ Lakeside Drive,Traffic Control Signal,Active,2023/03/16 00:00:00+00,2,29.589416,-95.032627,,
3215612.36193427,13788870.2334532,1076,TCS-1091,Red Bluff Rd @ Bay Area Distribution Center Drwy,Traffic Control Signal,Active,2020/09/09 00:00:00+00,2,29.606155,-95.074539,10101« Red Bluff Road,
3012472.02937061,13874308.7308829,1077,TCS-1092,Greenhouse Road @ Plantation Cove Ln & Brenwood Park Dr,Traffic Control Signal,Active,2022/09/29 00:00:00+00,4,29.858242,-95.706009,5914« Greenhouse Road,
3057825.07219453,13974465.2808975,1078,TCS-1093,Kuykendahl Rd @ Preserve Way,Traffic Control Signal,Active,2022/05/24 00:00:00+00,3,30.129945,-95.55368,25340« Kuykendahl Road,
3006056.4106402,13875047.8334074,1079,TCS-1094,West Little York Rd @ Eagle Sky Blvd,Traffic Control Signal,Active,2022/04/21 00:00:00+00,4,29.860769,-95.726176,20220« West Little York Road,
3014942.1330262,13876726.6765064,1080,TCS-1095,West Little York Rd @ Brenwood Park Dr,Traffic Control Signal,Active,2023/01/05 00:00:00+00,3,29.864697,-95.698004,18859« West Little York Road,
3076451.45948236,13891120.5863668,1081,TCS-1096,Breen Rd @ Tanyard Creek Dr,Traffic Control Signal,Construction,,4,29.899346,-95.502669,7601 1/2 Breen Drive,
3014936.12352377,13876726.1427148,1082,TCS-1097,Morton Ranch Rd @ Peek Ridge,Traffic Control Signal,Design,,4,29.864696,-95.698023,23202« Morton Ranch Road,
3089033.20859703,13962087.8282903,1083,TCS-1098,Gulf Bank Rd @ Cobbleshire Dr,Traffic Control Signal,Active,2023/06/07 00:00:00+00,3,30.093362,-95.456192,22302« Springwoods Village Parkway,
3108297.8360782,13888319.1726783,1084,TCS-1099,Springwoods Village Pkwy @ Mossy Oaks Dr,Traffic Control Signal,Construction,,2,29.88899,-95.402478,,
3168572.89269319,13915609.8549734,1085,TCS-1100,Woodland Hills Dr @ Madera Run Pkwy,Traffic Control Signal,Active,2022/08/04 00:00:00+00,3,29.958764,-95.209572,16025« Woodland Hills Drive,
3163863.00480327,13780823.5198878,1086,TCS-1101,Blackhawk Blvd @ Riverstone Ranch Dr,Traffic Control Signal,Design,,2,29.588714,-95.238127,,
3164105.32944986,13780615.2161706,1087,TCS-1102,Blackhawk Blvd @ Hall Rd,Traffic Control Signal,Design,,2,29.58812,-95.237386,,
3162311.67850961,13779316.9510506,1088,TCS-1103,Hughes Rd @ Riverstone Ranch Rd,Traffic Control Signal,Design,,2,29.58471,-95.243158,9701« Hughes Road,
2980817.55724661,13863653.8703029,1089,TCS-1104,Clay Rd @ Katy Hockley Cut Off Rd,Traffic Control Signal,Design,,4,29.831367,-95.806754,24955« Clay Road,
3186872.23535952,13862177.6813262,1090,TCS-1105,Wallisville Rd @ Carpenters Landing Way,Traffic Control Signal,Design,,1,29.810267,-95.157358,15731« Wallisville Rd,
3015809.42033361,13892400.5260641,1091,TCS-1106,West Rd @ Windhaven Lake Dr & Lone Star College Drwy,Traffic Control Signal,Active,2022/12/07 00:00:00+00,3,29.907714,-95.693871,18711« West Road,
3048991.07706727,13877957.1327069,1092,TCS-1107,West Little York Road @ WLY Commerce Drwy,Traffic Control Signal,Active,2022/12/22 00:00:00+00,3,29.865393,-95.590511,12090« West Little York Road,
3197516.53428087,13857021.2707073,1093,TCS-1108,Sheldon Rd @ Cobb Schochler School Drwy,Traffic Control Signal,Active,2022/12/15 00:00:00+00,2,29.795129,-95.12435,1006« Sheldon Road,
3013209.22737128,13942211.3034109,1094,TCS-1109,Cypress Rose Hill Rd @ Juergen Rd,Traffic Control Signal,Active,2022/10/12 00:00:00+00,3,30.044832,-95.697636,19044« Cypress Rose Hill Road,
3092001.17739861,13913461.2244282,1095,TCS-1110,T C Jester Blvd @ Swords Creek Rd & Hugh Rd,Traffic Control Signal,Active,2022/05/05 00:00:00+00,1,29.959464,-95.451476,1743« Hugh Road,
3176557.40887636,13883807.1151014,1096,TCS-1111,Sam Houston Tollway East @ Little York Road,Traffic Control Signal,Construction,,2,29.870643,-95.187644,10326« East Sam Houston Parkway North,
3001819.3285632,13897303.3243293,1097,TCS-1112,Westgreen Blvd @ Summer Camp Dr,Traffic Control Signal,Active,2023/04/12 00:00:00+00,3,29.922271,-95.73758,9401« Westgreen Boulevard,
2994673.09712078,13902902.3987611,1098,TCS-1113,Bridgeland Creek Pkwy@ Summit Point Crossing,Traffic Control Signal,Design,,3,29.938208,-95.759641,,
2995509.58658953,13903758.6821535,1099,TCS-1114,Bridgeland Creek Pkwy @ Bridgeland High School Drwy,Traffic Control Signal,Design,,3,29.940498,-95.756926,,
2996217.27251011,13902153.9717803,1100,TCS-1115,Mason Rd @ Summit Point Crossing,Traffic Control Signal,Design,,3,29.936033,-95.754833,,
2996027.17544936,13899070.2666616,1101,TCS-1116,Mason Rd @ Lake Meridian Dr,Traffic Control Signal,Design,,3,29.927571,-95.755703,10502« Mason Road,
3007068.49883911,13864321.904728,1102,TCS-1117,Clay Rd @ Elm Tree Dale Dr,Traffic Control Signal,Design,,4,29.831207,-95.723932,20020« Clay Road,
3018466.25425878,13913457.2624938,1103,TCS-1118,Jarvis Rd @ Woods Spillane Blvd & Cypress Dr,Traffic Control Signal,Design,,3,29.965387,-95.683604,13355« Woods Spillane Boulvard,
2989402.47938119,13858671.6299393,1104,TCS-1119,Morton Ranch Rd @ Morton Creek Ranch Rd,Traffic Control Signal,Active,2022/09/22 00:00:00+00,4,29.817024,-95.78012,,
3003050.11875252,13874455.9300636,1105,TCS-1120,West Little York Rd @ Westfield Creek Rd,Traffic Control Signal,Design,,4,29.859373,-95.735709,,
3092866.13006502,13962862.0363875,1106,TCS-1121,East Mossy Oaks Rd @ Spring Pine Forest Dr,Traffic Control Signal,Design,,3,30.09517,-95.444003,2003« East Mossy Oaks Road,
3027734.88106269,13906551.0676448,1107,TCS-1122,Cypress North Houston Rd @ Matzke Rd,Traffic Control Signal,Active,2022/06/29 00:00:00+00,3,29.945678,-95.654968,15335« Cypress North Houston Road,
3023938.03366953,13879700.4641939,1108,TCS-1123,Queenston Blvd @ Indigo Mist Crt,Traffic Control Signal,Active,2023/04/27 00:00:00+00,4,29.87217,-95.669366,6703« Queenston Boulevard,
3101478.56264327,13902908.063776,1109,TCS-1124,Fallbrook Dr @ Greens Crossing Blvd,Traffic Control Signal,Active,2023/02/28 00:00:00+00,2,29.929664,-95.42258,401« Fallbrook Drive,
3089039.48679969,13915288.8090276,1110,TCS-1125,Spears Rd @ Swords Creek Rd,Traffic Control Signal,Active,2022/06/30 00:00:00+00,1,29.964734,-95.46065,,
3004765.21768452,13897201.559441,1111,TCS-1126,Fry Rd @ Marvelous Place,Traffic Control Signal,Active,2022/12/01 00:00:00+00,3,29.921765,-95.728293,9423« Fry Road,
2993942.63434286,13890558.3210871,1112,TCS-1127,West Rd @ FedEx,Traffic Control Signal,Design,,4,29.904332,-95.763025,,
3000921.91861261,13890821.3218734,1113,TCS-1128,West Rd @ Westgreen BLvd,Traffic Control Signal,Design,,3,29.904522,-95.740982,,
3002328.74749187,13891314.2119638,1114,TCS-1129,West Rd @ Caspian Run,Traffic Control Signal,Design,,3,29.905769,-95.7365,,
3163935.48431711,13921730.7233091,1115,TCS-1130,Atascocita Rd @ Blackstone Trails,Traffic Control Signal,Design,,3,29.975999,-95.223585,3155« Atascocita Road,
2991247.70567761,13866858.8173051,1116,TCS-1131,Peek Rd @ Grand Ventana Dr & Ginosa Trail,Traffic Control Signal,Design,,4,29.83939,-95.773591,4572« Peek Road,
3197753.84089287,13982149.6723529,1117,TCS-1132,Plum Grove Rd @ FM 1485,Traffic Control Signal,Active,2023/01/26 00:00:00+00,3,30.138999,-95.110484,,
3033590.78404903,13937092.6469815,1118,TCS-1133,Northpointe Blvd @ Northpointe Ridge Ln,Traffic Control Signal,Design,,3,30.029165,-95.63371,18615« Northpointe Ridge Lane,
3132996.34704852,13897003.6264379,1119,TCS-1134,Lauder Rd @ Vickery St & WE Crowley Park Rd,Traffic Control Signal,Design,,2,29.910748,-95.323712,,
3019483.29553178,13905403.8586532,1120,TCS-1135,Cypress North Houston Rd @ Barker Trace Dr,Traffic Control Signal,Design,,3,29.943171,-95.681115,11350« Barker Trace Drive,
3118770.09367694,13951669.4258988,1121,TCS-1136,Cypresswood Dr @ Breckenridge Hallow Ln,Traffic Control Signal,Design,,3,30.062218,-95.36323,,
3032318.28003237,13943087.0480504,1122,TCS-1137,Boudreaux Rd @ Shaw Rd,Traffic Control Signal,Design,,,30.045742,-95.637185,,
2988410.11128719,13916156.6875412,1123,TCS-1138,Jack Rd @ Rio Medina Trail,Traffic Control Signal,Design,,4,29.975117,-95.778255,,
2974814.72935727,13883456.4842409,1124,TCS-1139,Katy Hockley Rd @ School Driveway,Traffic Control Signal,Design,,4,29.886252,-95.823984,7902« Katy Hockley Road,
3017713.75051445,13870947.2838657,1125,TCS-1140,Kieth Harrow Blvd @ Old Greenhouse Rd,Traffic Control Signal,Construction,,4,29.848595,-95.689779,,
,,1126,TCS-1141,,Traffic Control Signal,Design,,,,,,
2990896.02987178,13876983.4026989,1127,TCS-1142,Peek Rd @ Elyson Falls Dr,Traffic Control Signal,Design,,4,29.867248,-95.773819,22956« Elyson Falls Drive,
3009379.92072545,13875665.9906356,1128,TCS-1143,West Little York Rd @ Plantation Crest Dr & Cannon Fire Dr,Traffic Control Signal,Design,,4,29.862212,-95.71564,19653« West Little York Road,
2981012.56407444,13858372.050486,1129,TCS-1144,Morton Ranch Rd @ Salt Grass Trail Way,Traffic Control Signal,Construction,,4,29.816833,-95.806594,,
3072774.88579878,13952965.4981098,1130,TCS-1145,Kuykendahl Rd @ Alvin A Klein Dr,Traffic Control Signal,Design,,3,30.069634,-95.508441,,
2974791.05059886,13884619.9481214,1131,TCS-1146,Longenbaugh Rd @ Katy Hockley Rd,Traffic Control Signal,Design,,4,29.889452,-95.823959,8002« Katy Hockley Road,
3101961.14697994,13934684.8473352,1132,TCS-1147,Imperial Valley Dr @ Doubletree Glen Dr & Dekaney HS Drwy,Traffic Control Signal,Design,,1,30.016963,-95.417985,,
3133039.81940253,13897072.6663261,1133,TCS-1148,Lauder Rd @ Vickery ST & W E Crowley Park Rd,Traffic Control Signal,Design,,2,29.910934,-95.323568,,
,,1134,TCS-1149,Holderrieth Rd @ Costco Drwy,Traffic Control Signal,Design,,,,,,
,,1135,TCS-1150,,Traffic Control Signal,Design,,,,,,
2994930.45782652,13929979.8738055,1136,TCS-1151,Cumberland Ridge Dr @ Fairfield Place DR,Traffic Control Signal,Design,,3,30.012618,-95.756458,,
,,1137,TCS-1152,,Traffic Control Signal,Design,,,,,,
,,1138,TCS-1153,,Traffic Control Signal,Design,,,,,,
,,1139,TCS-1154,,Traffic Control Signal,Design,,,,,,
,,1140,TCS-1155,,Traffic Control Signal,Design,,,,,,
,,1141,TCS-1156,,Traffic Control Signal,Design,,,,,,
,,1142,TCS-1157,,Traffic Control Signal,Design,,,,,,
,,1143,TCS-1158,,Traffic Control Signal,Design,,,,,,
,,1144,TCS-1159,,Traffic Control Signal,Design,,,,,,
,,1145,TCS-1160,,Traffic Control Signal,Design,,,,,,
,,1146,TCS-1161,,Traffic Control Signal,Design,,,,,,
,,1147,TCS-1162,,Traffic Control Signal,Design,,,,,,
,,1148,TCS-1163,,Traffic Control Signal,Design,,,,,,
,,1149,TCS-1164,,Traffic Control Signal,Design,,,,,,
,,1150,TCS-1165,,Traffic Control Signal,Design,,,,,,
,,1151,TCS-1166,,Traffic Control Signal,Design,,,,,,
,,1152,TCS-1167,,Traffic Control Signal,Design,,,,,,
,,1153,TCS-1168,,Traffic Control Signal,Design,,,,,,
,,1154,TCS-1169,,Traffic Control Signal,Design,,,,,,
,,1155,TCS-1170,,Traffic Control Signal,Design,,,,,,